,pm2.5,pm10,o3,no2,so2,co
2024-03-04,1.0,10.0,25.0,18.0,1.0,2.0
2024-03-03,1.0,10.0,36.0,8.0,1.0,2.0
2024-03-02,1.0,4.0,34.0,6.0,1.0,2.0
2024-03-01,16.0,6.0,30.0,15.0,1.0,2.0
2024-02-29,14.0,9.0,29.0,14.0,1.0,3.0
2024-02-28,16.0,4.0,34.0,7.0,1.0,1.0
2024-02-26,29.0,4.0,33.0,6.0,1.0,2.0
2024-02-25,16.0,7.0,27.0,9.0,1.0,2.0
2024-02-24,18.0,5.0,35.0,7.0,1.0,2.0
2024-02-21,43.0,9.0,32.0,9.0,1.0,2.0
2024-02-20,23.0,16.0,28.0,20.0,1.0,3.0
2024-02-19,34.0,8.0,30.0,16.0,1.0,2.0
2024-02-18,31.0,9.0,35.0,14.0,1.0,2.0
2024-02-17,22.0,8.0,32.0,9.0,1.0,2.0
2024-02-16,59.0,5.0,34.0,6.0,1.0,2.0
2024-02-15,70.0,19.0,33.0,30.0,2.0,5.0
2024-02-14,41.0,20.0,13.0,44.0,2.0,4.0
2024-02-13,29.0,11.0,35.0,20.0,1.0,3.0
2024-02-12,21.0,7.0,38.0,7.0,1.0,2.0
2024-02-11,42.0,5.0,37.0,8.0,1.0,2.0
2024-02-10,22.0,10.0,33.0,16.0,1.0,2.0
2024-02-08,46.0,8.0,29.0,20.0,1.0,3.0
2024-02-07,22.0,9.0,19.0,27.0,1.0,3.0
2024-02-04,20.0,8.0,30.0,12.0,1.0,3.0
2024-02-03,26.0,5.0,31.0,10.0,2.0,2.0
2024-02-02,37.0,6.0,32.0,14.0,1.0,3.0
2024-01-31,46.0,15.0,32.0,30.0,2.0,4.0
2024-01-30,22.0,11.0,26.0,23.0,1.0,3.0
2024-01-29,39.0,6.0,29.0,13.0,1.0,2.0
2024-01-28,16.0,10.0,32.0,11.0,1.0,3.0
2024-01-27,14.0,4.0,35.0,6.0,1.0,3.0
2024-01-26,14.0,4.0,32.0,7.0,1.0,2.0
2024-01-25,13.0,3.0,35.0,10.0,1.0,2.0
2024-01-24,42.0,3.0,29.0,7.0,1.0,2.0
2024-01-23,19.0,9.0,28.0,19.0,1.0,3.0
2024-01-22,23.0,5.0,27.0,20.0,2.0,3.0
2024-01-21,44.0,4.0,28.0,7.0,1.0,2.0
2024-01-20,51.0,11.0,28.0,11.0,1.0,2.0
2024-01-19,73.0,14.0,31.0,20.0,1.0,3.0
2024-01-18,38.0,21.0,7.0,44.0,3.0,5.0
2024-01-17,14.0,9.0,23.0,29.0,2.0,3.0
2024-01-16,23.0,4.0,28.0,8.0,1.0,2.0
2024-01-15,19.0,5.0,29.0,14.0,1.0,3.0
2024-01-14,21.0,4.0,31.0,7.0,1.0,2.0
2024-01-13,51.0,4.0,27.0,10.0,1.0,2.0
2024-01-12,33.0,14.0,28.0,36.0,1.0,4.0
2024-01-09,11.0,8.0,20.0,25.0,1.0,3.0
2024-01-08,32.0,2.0,29.0,5.0,1.0,2.0
2024-01-07,66.0,10.0,28.0,15.0,1.0,3.0
2024-01-06,41.0,18.0,18.0,37.0,1.0,5.0
2024-01-05,32.0,11.0,19.0,26.0,2.0,4.0
2024-01-04,40.0,8.0,31.0,12.0,1.0,3.0
2024-01-03,28.0,10.0,16.0,17.0,1.0,3.0
2024-01-02,16.0,7.0,22.0,12.0,1.0,3.0
2023-12-31,55.0,18.0,29.0,20.0,1.0,3.0
2023-12-30,59.0,14.0,29.0,21.0,2.0,4.0
2023-12-29,39.0,16.0,20.0,28.0,2.0,4.0
2023-12-28,24.0,10.0,24.0,13.0,1.0,3.0
2023-12-27,30.0,7.0,26.0,15.0,1.0,3.0
2023-12-26,56.0,8.0,21.0,21.0,1.0,3.0
2023-12-25,37.0,15.0,14.0,31.0,1.0,4.0
2023-12-24,20.0,9.0,22.0,13.0,1.0,3.0
2023-12-23,25.0,5.0,24.0,19.0,1.0,3.0
2023-12-22,30.0,8.0,28.0,13.0,1.0,2.0
2023-12-21,64.0,9.0,28.0,17.0,1.0,3.0
2023-12-20,34.0,19.0,11.0,36.0,3.0,4.0
2023-12-19,13.0,9.0,18.0,20.0,1.0,3.0
2023-12-18,14.0,3.0,29.0,9.0,1.0,2.0
2023-12-16,52.0,19.0,28.0,23.0,1.0,4.0
2023-12-15,34.0,17.0,27.0,27.0,1.0,3.0
2023-12-14,13.0,9.0,22.0,18.0,1.0,3.0
2023-12-13,42.0,4.0,29.0,10.0,1.0,2.0
2023-12-12,51.0,12.0,24.0,16.0,1.0,2.0
2023-12-11,64.0,18.0,27.0,14.0,1.0,2.0
2023-12-10,60.0,22.0,26.0,27.0,2.0,5.0
2023-12-09,27.0,21.0,18.0,32.0,2.0,4.0
2023-12-08,38.0,9.0,24.0,21.0,1.0,2.0
2023-12-07,32.0,12.0,30.0,21.0,1.0,3.0
2023-12-06,51.0,9.0,28.0,17.0,1.0,2.0
2023-12-05,17.0,13.0,12.0,28.0,2.0,3.0
2023-12-04,29.0,6.0,26.0,19.0,2.0,3.0
2023-12-03,34.0,7.0,31.0,10.0,1.0,2.0
2023-12-01,22.0,6.0,24.0,19.0,1.0,3.0
2023-11-30,24.0,6.0,29.0,13.0,1.0,2.0
2023-11-29,44.0,8.0,25.0,16.0,1.0,3.0
2023-11-28,59.0,13.0,33.0,18.0,1.0,3.0
2023-11-27,30.0,16.0,18.0,25.0,1.0,4.0
2023-11-25,48.0,3.0,28.0,5.0,1.0,2.0
2023-11-24,57.0,16.0,36.0,16.0,1.0,2.0
2023-11-23,58.0,18.0,29.0,25.0,1.0,3.0
2023-11-22,37.0,19.0,12.0,36.0,1.0,4.0
2023-11-21,22.0,12.0,23.0,27.0,3.0,4.0
2023-11-20,19.0,7.0,28.0,15.0,1.0,3.0
2023-11-19,14.0,7.0,21.0,17.0,1.0,3.0
2023-11-18,31.0,5.0,29.0,8.0,1.0,2.0
2023-11-17,37.0,10.0,32.0,20.0,1.0,3.0
2023-11-16,30.0,11.0,27.0,14.0,1.0,2.0
2023-11-15,21.0,9.0,18.0,16.0,1.0,3.0
2023-11-14,15.0,6.0,22.0,18.0,1.0,3.0
2023-11-13,29.0,5.0,27.0,7.0,1.0,2.0
2023-11-11,61.0,6.0,27.0,8.0,1.0,2.0
2023-11-10,36.0,22.0,11.0,29.0,1.0,3.0
2023-11-09,29.0,13.0,29.0,17.0,3.0,2.0
2023-11-08,39.0,10.0,32.0,9.0,1.0,2.0
2023-11-07,40.0,17.0,27.0,9.0,1.0,2.0
2023-11-06,58.0,17.0,23.0,18.0,2.0,2.0
2023-11-05,70.0,23.0,37.0,7.0,1.0,2.0
2023-11-04,76.0,27.0,41.0,22.0,2.0,3.0
2023-11-03,63.0,31.0,55.0,26.0,4.0,4.0
2023-11-02,53.0,23.0,29.0,33.0,1.0,4.0
2023-11-01,40.0,18.0,33.0,24.0,4.0,3.0
2023-10-31,20.0,13.0,22.0,22.0,3.0,3.0
2023-10-30,14.0,9.0,31.0,10.0,1.0,2.0
2023-10-29,48.0,6.0,31.0,4.0,1.0,2.0
2023-10-28,51.0,15.0,44.0,13.0,1.0,2.0
2023-10-27,39.0,18.0,35.0,24.0,2.0,3.0
2023-10-26,43.0,13.0,36.0,18.0,1.0,2.0
2023-10-25,38.0,15.0,33.0,13.0,1.0,2.0
2023-10-24,35.0,12.0,33.0,16.0,1.0,2.0
2023-10-23,14.0,11.0,25.0,19.0,1.0,3.0
2023-10-22,15.0,4.0,30.0,8.0,1.0,2.0
2023-10-21,46.0,4.0,30.0,6.0,1.0,5.0
2023-10-20,42.0,16.0,33.0,14.0,1.0,2.0
2023-10-19,31.0,14.0,39.0,18.0,1.0,3.0
2023-10-18,30.0,11.0,32.0,16.0,1.0,2.0
2023-10-17,24.0,9.0,38.0,12.0,1.0,2.0
2023-10-16,33.0,8.0,39.0,23.0,1.0,3.0
2023-10-14,28.0,12.0,38.0,16.0,1.0,3.0
2023-10-13,31.0,9.0,38.0,8.0,1.0,2.0
2023-10-12,24.0,10.0,36.0,9.0,1.0,2.0
2023-10-11,15.0,8.0,36.0,9.0,1.0,2.0
2023-10-10,11.0,6.0,29.0,15.0,2.0,2.0
2023-10-08,26.0,8.0,30.0,4.0,1.0,2.0
2023-10-07,22.0,9.0,33.0,5.0,1.0,3.0
2023-10-05,21.0,10.0,33.0,17.0,1.0,2.0
2023-10-04,27.0,11.0,28.0,13.0,1.0,2.0
2023-10-03,29.0,10.0,40.0,11.0,1.0,2.0
2023-10-02,42.0,10.0,37.0,8.0,2.0,2.0
2023-09-30,36.0,13.0,37.0,10.0,1.0,2.0
2023-09-29,52.0,16.0,35.0,9.0,1.0,2.0
2023-09-28,39.0,25.0,39.0,21.0,1.0,2.0
2023-09-27,41.0,18.0,44.0,16.0,1.0,2.0
2023-09-26,28.0,16.0,49.0,12.0,1.0,2.0
2023-09-25,21.0,11.0,38.0,7.0,1.0,2.0
2023-09-22,54.0,11.0,29.0,10.0,1.0,2.0
2023-09-20,26.0,18.0,48.0,13.0,1.0,3.0
2023-09-19,22.0,11.0,16.0,10.0,1.0,1.0
2023-09-18,36.0,9.0,13.0,7.0,1.0,1.0
2023-09-17,39.0,15.0,23.0,11.0,1.0,2.0
2023-09-16,37.0,18.0,37.0,13.0,1.0,2.0
2023-09-15,25.0,16.0,37.0,15.0,1.0,2.0
2023-09-14,35.0,12.0,10.0,18.0,3.0,2.0
2023-09-13,31.0,15.0,54.0,14.0,2.0,3.0
2023-09-12,23.0,14.0,33.0,12.0,2.0,2.0
2023-09-11,34.0,12.0,8.0,14.0,1.0,3.0
2023-09-10,31.0,15.0,24.0,10.0,2.0,2.0
2023-09-09,19.0,13.0,26.0,14.0,1.0,2.0
2023-09-08,26.0,11.0,28.0,7.0,1.0,1.0
2023-09-07,24.0,11.0,30.0,8.0,1.0,2.0
2023-09-06,25.0,10.0,16.0,13.0,1.0,2.0
2023-09-05,17.0,12.0,13.0,12.0,1.0,2.0
2023-09-04,26.0,9.0,7.0,10.0,1.0,1.0
2023-09-03,25.0,12.0,27.0,5.0,2.0,1.0
2023-09-02,24.0,11.0,18.0,12.0,1.0,2.0
2023-09-01,35.0,12.0,10.0,11.0,1.0,2.0
2023-08-31,33.0,18.0,9.0,12.0,1.0,2.0
2023-08-30,33.0,16.0,12.0,12.0,1.0,2.0
2023-08-29,31.0,15.0,28.0,15.0,1.0,2.0
2023-08-28,18.0,14.0,29.0,13.0,1.0,2.0
2023-08-27,17.0,10.0,22.0,3.0,1.0,1.0
2023-08-26,21.0,10.0,17.0,7.0,1.0,2.0
2023-08-25,21.0,11.0,9.0,11.0,1.0,2.0
2023-08-24,17.0,14.0,9.0,11.0,1.0,2.0
2023-08-23,18.0,11.0,5.0,8.0,1.0,2.0
2023-08-22,19.0,13.0,10.0,7.0,2.0,1.0
2023-08-21,49.0,10.0,23.0,8.0,3.0,1.0
2023-08-20,54.0,20.0,54.0,10.0,3.0,2.0
2023-08-19,42.0,25.0,51.0,13.0,2.0,3.0
2023-08-18,40.0,18.0,17.0,17.0,1.0,2.0
2023-08-17,60.0,21.0,15.0,15.0,1.0,2.0
2023-08-16,52.0,32.0,18.0,11.0,1.0,2.0
2023-08-15,35.0,30.0,20.0,7.0,1.0,1.0
2023-08-14,23.0,21.0,11.0,3.0,1.0,1.0
2023-08-13,26.0,12.0,13.0,4.0,1.0,1.0
2023-08-12,29.0,11.0,33.0,5.0,1.0,1.0
2023-08-11,37.0,16.0,20.0,2.0,1.0,1.0
2023-08-10,25.0,21.0,24.0,5.0,1.0,1.0
2023-08-09,22.0,16.0,7.0,8.0,1.0,2.0
2023-08-08,21.0,11.0,24.0,8.0,1.0,1.0
2023-08-07,37.0,9.0,11.0,12.0,1.0,2.0
2023-08-06,30.0,17.0,10.0,9.0,1.0,2.0
2023-08-05,47.0,12.0,20.0,9.0,1.0,1.0
2023-08-04,25.0,17.0,27.0,16.0,1.0,2.0
2023-08-03,23.0,11.0,11.0,8.0,2.0,2.0
2023-08-02,27.0,12.0,15.0,12.0,1.0,1.0
2023-08-01,29.0,13.0,23.0,16.0,1.0,1.0
2023-07-31,31.0,12.0,14.0,13.0,1.0,1.0
2023-07-30,32.0,13.0,27.0,10.0,1.0,2.0
2023-07-29,37.0,12.0,28.0,15.0,1.0,2.0
2023-07-28,50.0,14.0,28.0,19.0,1.0,1.0
2023-07-27,48.0,20.0,48.0,25.0,2.0,1.0
2023-07-26,44.0,18.0,67.0,26.0,2.0,2.0
2023-07-25,33.0,15.0,80.0,17.0,2.0,2.0
2023-07-24,34.0,14.0,29.0,16.0,1.0,2.0
2023-07-23,30.0,14.0,50.0,8.0,3.0,2.0
2023-07-22,36.0,11.0,36.0,5.0,1.0,2.0
2023-07-21,38.0,14.0,35.0,6.0,1.0,2.0
2023-07-20,60.0,16.0,30.0,8.0,1.0,2.0
2023-07-19,61.0,28.0,31.0,22.0,2.0,2.0
2023-07-18,51.0,25.0,85.0,24.0,2.0,3.0
2023-07-17,41.0,21.0,33.0,13.0,2.0,2.0
2023-07-16,28.0,18.0,17.0,18.0,2.0,2.0
2023-07-14,36.0,20.0,21.0,21.0,2.0,2.0
2023-07-13,60.0,14.0,22.0,15.0,1.0,2.0
2023-07-12,56.0,25.0,35.0,16.0,2.0,2.0
2023-07-11,64.0,24.0,42.0,20.0,2.0,2.0
2023-07-10,53.0,30.0,25.0,20.0,2.0,1.0
2023-07-09,53.0,23.0,18.0,5.0,1.0,1.0
2023-07-08,56.0,24.0,25.0,9.0,2.0,2.0
2023-07-07,31.0,26.0,55.0,24.0,2.0,3.0
2023-07-06,32.0,13.0,43.0,14.0,1.0,2.0
2023-07-05,46.0,12.0,32.0,15.0,1.0,2.0
2023-07-04,53.0,17.0,44.0,10.0,1.0,2.0
2023-07-03,25.0,25.0,57.0,22.0,2.0,2.0
2023-07-02,25.0,10.0,59.0,9.0,2.0,1.0
2023-07-01,53.0,13.0,26.0,10.0,1.0,1.0
2023-06-30,48.0,25.0,17.0,17.0,1.0,2.0
2023-06-29,61.0,23.0,24.0,23.0,2.0,2.0
2023-06-28,62.0,27.0,20.0,23.0,1.0,1.0
2023-06-27,59.0,25.0,33.0,25.0,2.0,2.0
2023-06-26,67.0,21.0,56.0,17.0,3.0,3.0
2023-06-25,56.0,25.0,76.0,10.0,3.0,4.0
2023-06-24,38.0,19.0,60.0,14.0,2.0,3.0
2023-06-23,27.0,14.0,29.0,20.0,1.0,2.0
2023-06-22,34.0,9.0,29.0,11.0,2.0,2.0
2023-06-21,35.0,11.0,42.0,8.0,3.0,1.0
2023-06-20,50.0,11.0,34.0,8.0,1.0,1.0
2023-06-19,65.0,18.0,51.0,7.0,1.0,2.0
2023-06-18,45.0,25.0,48.0,23.0,5.0,3.0
2023-06-17,20.0,14.0,50.0,17.0,2.0,3.0
2023-06-16,28.0,8.0,51.0,10.0,1.0,2.0
2023-06-15,25.0,10.0,28.0,11.0,1.0,2.0
2023-06-12,41.0,15.0,17.0,14.0,1.0,3.0
2023-06-11,40.0,16.0,40.0,13.0,1.0,2.0
2023-06-10,21.0,14.0,31.0,17.0,1.0,3.0
2023-06-09,45.0,8.0,33.0,19.0,1.0,5.0
2023-06-08,38.0,14.0,46.0,22.0,2.0,4.0
2023-06-07,61.0,13.0,61.0,15.0,2.0,4.0
2023-06-06,55.0,21.0,40.0,26.0,2.0,4.0
2023-06-05,40.0,19.0,42.0,27.0,2.0,3.0
2023-06-04,23.0,14.0,41.0,11.0,2.0,3.0
2023-06-03,19.0,9.0,43.0,7.0,1.0,2.0
2023-06-02,29.0,13.0,23.0,11.0,1.0,2.0
2023-06-01,24.0,10.0,33.0,17.0,2.0,3.0
2023-05-31,28.0,9.0,31.0,9.0,1.0,2.0
2023-05-30,46.0,10.0,33.0,16.0,1.0,3.0
2023-05-28,36.0,13.0,32.0,11.0,1.0,2.0
2023-05-27,30.0,11.0,45.0,14.0,1.0,2.0
2023-05-26,34.0,10.0,30.0,17.0,1.0,2.0
2023-05-25,28.0,10.0,33.0,13.0,1.0,3.0
2023-05-24,53.0,10.0,35.0,7.0,1.0,2.0
2023-05-22,40.0,20.0,59.0,12.0,1.0,2.0
2023-05-21,21.0,13.0,42.0,10.0,2.0,3.0
2023-05-19,84.0,13.0,32.0,15.0,1.0,2.0
2023-05-18,62.0,35.0,81.0,31.0,3.0,4.0
2023-05-17,41.0,22.0,49.0,28.0,2.0,3.0
2023-05-16,37.0,12.0,56.0,14.0,1.0,2.0
2023-05-15,32.0,12.0,37.0,13.0,1.0,2.0
2023-05-14,37.0,10.0,37.0,5.0,1.0,1.0
2023-05-13,42.0,11.0,36.0,13.0,2.0,2.0
2023-05-12,43.0,12.0,44.0,12.0,1.0,2.0
2023-05-11,51.0,13.0,47.0,11.0,1.0,2.0
2023-05-10,32.0,16.0,50.0,16.0,2.0,3.0
2023-05-09,13.0,9.0,42.0,7.0,1.0,3.0
2023-05-07,45.0,11.0,32.0,5.0,1.0,1.0
2023-05-06,37.0,15.0,38.0,3.0,1.0,1.0
2023-05-05,52.0,13.0,42.0,6.0,1.0,2.0
2023-05-04,41.0,17.0,46.0,12.0,1.0,2.0
2023-05-03,31.0,13.0,44.0,14.0,2.0,2.0
2023-05-02,49.0,9.0,43.0,5.0,1.0,2.0
2023-05-01,28.0,17.0,46.0,7.0,1.0,2.0
2023-04-30,32.0,14.0,29.0,9.0,1.0,2.0
2023-04-29,39.0,11.0,44.0,5.0,1.0,1.0
2023-04-28,26.0,11.0,49.0,11.0,1.0,2.0
2023-04-27,25.0,7.0,49.0,10.0,1.0,2.0
2023-04-26,47.0,14.0,38.0,14.0,1.0,2.0
2023-04-25,44.0,14.0,37.0,14.0,1.0,2.0
2023-04-24,42.0,12.0,41.0,10.0,1.0,2.0
2023-04-23,70.0,12.0,46.0,6.0,1.0,2.0
2023-04-22,58.0,31.0,41.0,7.0,1.0,2.0
2023-04-21,73.0,22.0,45.0,16.0,1.0,3.0
2023-04-20,71.0,30.0,49.0,14.0,3.0,3.0
2023-04-19,59.0,26.0,45.0,20.0,1.0,3.0
2023-04-18,41.0,19.0,37.0,13.0,1.0,2.0
2023-04-17,31.0,12.0,40.0,6.0,1.0,2.0
2023-04-16,34.0,11.0,37.0,10.0,1.0,2.0
2023-04-15,68.0,14.0,34.0,14.0,1.0,2.0
2023-04-14,69.0,31.0,34.0,14.0,1.0,2.0
2023-04-13,46.0,30.0,38.0,11.0,1.0,2.0
2023-04-12,54.0,14.0,39.0,8.0,1.0,2.0
2023-04-11,53.0,17.0,40.0,14.0,1.0,2.0
2023-04-10,47.0,15.0,43.0,15.0,1.0,2.0
2023-04-09,24.0,13.0,45.0,6.0,1.0,2.0
2023-04-08,50.0,9.0,36.0,7.0,1.0,2.0
2023-04-07,36.0,18.0,32.0,9.0,1.0,2.0
2023-04-06,50.0,11.0,40.0,8.0,1.0,2.0
2023-04-05,42.0,15.0,39.0,22.0,1.0,3.0
2023-04-04,37.0,12.0,43.0,15.0,1.0,2.0
2023-04-03,49.0,10.0,40.0,7.0,1.0,2.0
2023-04-02,60.0,15.0,43.0,6.0,1.0,2.0
2023-03-31,45.0,15.0,30.0,26.0,1.0,3.0
2023-03-30,56.0,14.0,41.0,14.0,1.0,2.0
2023-03-29,57.0,21.0,40.0,11.0,1.0,2.0
2023-03-28,43.0,24.0,32.0,15.0,1.0,2.0
2023-03-27,18.0,13.0,33.0,8.0,1.0,2.0
2023-03-24,50.0,11.0,27.0,16.0,1.0,2.0
2023-03-23,55.0,17.0,21.0,22.0,1.0,2.0
2023-03-22,53.0,18.0,40.0,17.0,1.0,3.0
2023-03-21,42.0,17.0,22.0,31.0,4.0,4.0
2023-03-20,21.0,12.0,32.0,21.0,2.0,2.0
2023-03-19,20.0,6.0,37.0,7.0,1.0,2.0
2023-03-17,58.0,18.0,31.0,16.0,1.0,2.0
2023-03-16,45.0,18.0,33.0,26.0,2.0,3.0
2023-03-15,23.0,13.0,35.0,15.0,2.0,2.0
2023-03-14,41.0,7.0,31.0,8.0,1.0,2.0
2023-03-13,38.0,16.0,33.0,15.0,2.0,2.0
2023-03-12,43.0,12.0,36.0,11.0,1.0,2.0
2023-03-11,53.0,14.0,38.0,16.0,2.0,3.0
2023-03-10,81.0,20.0,36.0,17.0,1.0,3.0
2023-03-09,68.0,31.0,40.0,38.0,2.0,4.0
2023-03-08,62.0,23.0,36.0,35.0,3.0,3.0
2023-03-07,42.0,18.0,32.0,31.0,2.0,3.0
2023-03-06,37.0,11.0,30.0,13.0,1.0,2.0
2023-03-05,40.0,11.0,34.0,6.0,1.0,2.0
2023-03-04,23.0,12.0,34.0,17.0,1.0,2.0
2023-03-03,26.0,7.0,29.0,15.0,1.0,3.0
2023-03-02,39.0,10.0,35.0,9.0,1.0,2.0
2023-03-01,40.0,12.0,38.0,17.0,1.0,2.0
2023-02-28,28.0,12.0,37.0,20.0,1.0,2.0
2023-02-27,17.0,9.0,31.0,15.0,1.0,2.0
2023-02-25,61.0,7.0,33.0,9.0,1.0,2.0
2023-02-24,59.0,17.0,25.0,27.0,1.0,3.0
2023-02-23,28.0,17.0,26.0,24.0,1.0,3.0
2023-02-22,21.0,8.0,29.0,16.0,1.0,3.0
2023-02-21,25.0,6.0,31.0,7.0,1.0,2.0
2023-02-20,68.0,8.0,36.0,10.0,2.0,2.0
2023-02-19,77.0,22.0,36.0,20.0,1.0,4.0
2023-02-18,47.0,22.0,33.0,35.0,2.0,4.0
2023-02-17,23.0,13.0,26.0,24.0,5.0,3.0
2023-02-16,14.0,6.0,27.0,12.0,1.0,2.0
2023-02-14,46.0,5.0,28.0,9.0,1.0,2.0
2023-02-13,43.0,12.0,27.0,17.0,1.0,2.0
2023-02-12,18.0,13.0,25.0,16.0,1.0,3.0
2023-02-08,59.0,19.0,35.0,13.0,1.0,3.0
2023-02-07,52.0,17.0,35.0,23.0,1.0,3.0
2023-02-06,32.0,14.0,23.0,32.0,3.0,3.0
2023-02-05,56.0,9.0,32.0,10.0,1.0,2.0
2023-02-04,38.0,15.0,23.0,20.0,2.0,4.0
2023-02-03,26.0,9.0,26.0,12.0,1.0,2.0
2023-02-02,46.0,7.0,29.0,10.0,1.0,2.0
2023-02-01,24.0,11.0,31.0,18.0,1.0,3.0
2023-01-31,46.0,6.0,27.0,10.0,1.0,3.0
2023-01-30,33.0,11.0,27.0,22.0,1.0,3.0
2023-01-29,18.0,7.0,28.0,10.0,2.0,2.0
2023-01-28,41.0,4.0,28.0,8.0,1.0,2.0
2023-01-27,26.0,9.0,16.0,25.0,1.0,3.0
2023-01-26,14.0,6.0,21.0,26.0,1.0,3.0
2023-01-24,53.0,16.0,26.0,24.0,2.0,3.0
2023-01-23,33.0,12.0,14.0,19.0,1.0,3.0
2023-01-22,19.0,8.0,24.0,10.0,2.0,2.0
2023-01-20,19.0,12.0,28.0,27.0,2.0,3.0
2023-01-19,48.0,5.0,24.0,11.0,1.0,2.0
2023-01-18,19.0,12.0,23.0,21.0,1.0,3.0
2023-01-17,20.0,5.0,23.0,14.0,1.0,2.0
2023-01-15,57.0,13.0,26.0,12.0,1.0,3.0
2023-01-14,76.0,16.0,25.0,29.0,1.0,4.0
2023-01-13,60.0,24.0,5.0,49.0,3.0,6.0
2023-01-12,32.0,17.0,13.0,39.0,2.0,5.0
2023-01-11,19.0,9.0,20.0,23.0,1.0,3.0
2023-01-10,57.0,6.0,27.0,9.0,1.0,2.0
2023-01-09,49.0,15.0,21.0,26.0,2.0,4.0
2023-01-08,43.0,13.0,34.0,14.0,2.0,3.0
2023-01-07,25.0,10.0,25.0,19.0,1.0,3.0
2023-01-06,11.0,6.0,21.0,18.0,1.0,2.0
2023-01-05,9.0,3.0,28.0,7.0,1.0,1.0
2023-01-03,9.0,3.0,26.0,7.0,1.0,2.0
2023-01-01,23.0,11.0,25.0,17.0,2.0,3.0
2022-12-31,18.0,6.0,25.0,13.0,1.0,3.0
2022-12-30,35.0,6.0,24.0,12.0,1.0,3.0
2022-12-29,43.0,10.0,27.0,21.0,2.0,3.0
2022-12-28,12.0,12.0,12.0,29.0,2.0,4.0
2022-12-27,10.0,5.0,24.0,12.0,1.0,2.0
2022-12-26,13.0,4.0,26.0,11.0,1.0,2.0
2022-12-24,16.0,5.0,23.0,11.0,1.0,2.0
2022-12-23,44.0,5.0,25.0,10.0,1.0,2.0
2022-12-22,43.0,11.0,16.0,25.0,1.0,3.0
2022-12-21,34.0,12.0,12.0,30.0,2.0,3.0
2022-12-20,16.0,9.0,11.0,30.0,4.0,3.0
2022-12-19,21.0,5.0,23.0,14.0,1.0,2.0
2022-12-18,37.0,6.0,28.0,11.0,1.0,2.0
2022-12-17,32.0,9.0,18.0,21.0,2.0,3.0
2022-12-16,19.0,9.0,19.0,24.0,1.0,3.0
2022-12-15,31.0,6.0,20.0,22.0,1.0,3.0
2022-12-14,45.0,11.0,24.0,16.0,1.0,2.0
2022-12-13,24.0,11.0,9.0,30.0,1.0,3.0
2022-12-12,49.0,8.0,28.0,10.0,1.0,2.0
2022-12-11,54.0,14.0,28.0,16.0,1.0,3.0
2022-12-10,36.0,14.0,24.0,24.0,1.0,3.0
2022-12-09,35.0,10.0,13.0,25.0,1.0,3.0
2022-12-08,38.0,10.0,15.0,31.0,1.0,4.0
2022-12-07,24.0,9.0,15.0,31.0,3.0,4.0
2022-12-05,47.0,6.0,17.0,14.0,1.0,2.0
2022-12-04,29.0,14.0,15.0,22.0,1.0,4.0
2022-12-03,21.0,8.0,16.0,20.0,1.0,4.0
2022-12-02,17.0,6.0,19.0,12.0,1.0,2.0
2022-11-30,51.0,9.0,23.0,15.0,1.0,2.0
2022-11-29,48.0,20.0,25.0,22.0,1.0,3.0
2022-11-28,28.0,16.0,15.0,23.0,1.0,3.0
2022-11-27,56.0,8.0,30.0,8.0,1.0,2.0
2022-11-26,21.0,18.0,7.0,30.0,2.0,4.0
2022-11-25,13.0,7.0,26.0,12.0,2.0,2.0
2022-11-24,28.0,4.0,24.0,11.0,1.0,2.0
2022-11-21,53.0,10.0,23.0,16.0,1.0,3.0
2022-11-19,36.0,15.0,34.0,17.0,1.0,3.0
2022-11-18,29.0,11.0,27.0,17.0,2.0,2.0
2022-11-17,25.0,9.0,25.0,17.0,1.0,2.0
2022-11-16,22.0,7.0,25.0,19.0,1.0,2.0
2022-11-15,16.0,7.0,17.0,15.0,1.0,2.0
2022-11-14,51.0,5.0,25.0,7.0,1.0,2.0
2022-11-13,57.0,19.0,34.0,21.0,1.0,4.0
2022-11-12,57.0,19.0,37.0,22.0,3.0,4.0
2022-11-11,65.0,18.0,37.0,17.0,1.0,2.0
2022-11-10,41.0,21.0,28.0,27.0,2.0,3.0
2022-11-09,43.0,11.0,30.0,14.0,2.0,2.0
2022-11-08,44.0,12.0,34.0,17.0,1.0,3.0
2022-11-07,31.0,13.0,18.0,23.0,2.0,4.0
2022-11-06,25.0,9.0,34.0,6.0,1.0,2.0
2022-11-05,48.0,8.0,26.0,9.0,1.0,2.0
2022-11-04,50.0,16.0,29.0,22.0,1.0,3.0
2022-11-03,36.0,17.0,34.0,22.0,2.0,3.0
2022-11-02,35.0,11.0,27.0,23.0,4.0,3.0
2022-11-01,30.0,11.0,22.0,13.0,1.0,2.0
2022-10-31,33.0,10.0,30.0,11.0,1.0,2.0
2022-10-30,42.0,10.0,35.0,10.0,1.0,3.0
2022-10-29,57.0,13.0,31.0,12.0,1.0,2.0
2022-10-28,39.0,18.0,22.0,28.0,1.0,4.0
2022-10-27,22.0,12.0,26.0,16.0,1.0,2.0
2022-10-26,24.0,8.0,25.0,7.0,1.0,2.0
2022-10-25,24.0,8.0,20.0,10.0,1.0,2.0
2022-10-24,63.0,7.0,28.0,8.0,1.0,2.0
2022-10-23,67.0,20.0,39.0,16.0,1.0,3.0
2022-10-22,41.0,22.0,15.0,29.0,1.0,4.0
2022-10-21,29.0,12.0,29.0,22.0,1.0,3.0
2022-10-20,21.0,8.0,28.0,16.0,1.0,2.0
2022-10-19,30.0,7.0,20.0,11.0,1.0,2.0
2022-10-18,61.0,10.0,24.0,9.0,1.0,2.0
2022-10-17,42.0,21.0,9.0,31.0,1.0,3.0
2022-10-16,33.0,12.0,29.0,9.0,1.0,2.0
2022-10-15,25.0,10.0,29.0,10.0,1.0,2.0
2022-10-14,33.0,8.0,20.0,15.0,1.0,2.0
2022-10-13,30.0,10.0,18.0,12.0,1.0,2.0
2022-10-11,38.0,11.0,29.0,11.0,1.0,2.0
2022-10-10,24.0,14.0,28.0,13.0,1.0,2.0
2022-10-09,14.0,8.0,29.0,6.0,1.0,1.0
2022-10-08,16.0,7.0,24.0,12.0,1.0,2.0
2022-10-06,32.0,6.0,22.0,7.0,1.0,1.0
2022-10-05,46.0,13.0,19.0,10.0,1.0,2.0
2022-10-04,54.0,17.0,29.0,12.0,1.0,2.0
2022-10-02,41.0,15.0,43.0,5.0,1.0,2.0
2022-10-01,45.0,14.0,41.0,7.0,1.0,2.0
2022-09-30,46.0,15.0,46.0,12.0,1.0,2.0
2022-09-29,39.0,16.0,26.0,19.0,3.0,2.0
2022-09-27,45.0,15.0,37.0,11.0,1.0,2.0
2022-09-26,37.0,21.0,51.0,14.0,3.0,2.0
2022-09-22,12.0,10.0,28.0,9.0,1.0,2.0
2022-09-20,46.0,18.0,21.0,6.0,1.0,1.0
2022-09-19,20.0,27.0,16.0,8.0,1.0,1.0
2022-09-18,37.0,13.0,14.0,9.0,1.0,2.0
2022-09-17,34.0,14.0,37.0,10.0,2.0,4.0
2022-09-16,43.0,11.0,37.0,11.0,2.0,2.0
2022-09-15,44.0,14.0,31.0,8.0,1.0,5.0
2022-09-14,27.0,17.0,33.0,11.0,1.0,2.0
2022-09-13,30.0,11.0,31.0,9.0,1.0,1.0
2022-09-12,37.0,11.0,23.0,5.0,1.0,1.0
2022-09-11,34.0,13.0,25.0,3.0,1.0,1.0
2022-09-10,21.0,12.0,37.0,5.0,1.0,1.0
2022-09-08,23.0,9.0,20.0,10.0,1.0,1.0
2022-09-07,27.0,11.0,4.0,12.0,1.0,1.0
2022-09-06,39.0,11.0,11.0,11.0,2.0,2.0
2022-09-05,41.0,15.0,31.0,8.0,1.0,2.0
2022-09-04,26.0,17.0,37.0,5.0,2.0,2.0
2022-09-03,17.0,11.0,30.0,6.0,1.0,2.0
2022-09-02,33.0,9.0,26.0,14.0,1.0,2.0
2022-09-01,44.0,17.0,7.0,15.0,1.0,2.0
2022-08-31,28.0,21.0,12.0,14.0,1.0,3.0
2022-08-30,23.0,10.0,28.0,10.0,1.0,2.0
2022-08-29,27.0,9.0,37.0,6.0,1.0,1.0
2022-08-28,54.0,12.0,41.0,4.0,1.0,2.0
2022-08-27,55.0,23.0,34.0,19.0,2.0,3.0
2022-08-26,44.0,29.0,28.0,21.0,1.0,3.0
2022-08-25,43.0,19.0,30.0,11.0,2.0,4.0
2022-08-24,48.0,17.0,35.0,8.0,1.0,2.0
2022-08-23,47.0,22.0,18.0,18.0,2.0,3.0
2022-08-22,52.0,19.0,32.0,9.0,1.0,3.0
2022-08-21,52.0,21.0,37.0,8.0,1.0,3.0
2022-08-20,28.0,22.0,58.0,17.0,2.0,4.0
2022-08-19,29.0,10.0,46.0,10.0,1.0,2.0
2022-08-18,36.0,14.0,29.0,12.0,1.0,2.0
2022-08-17,55.0,15.0,38.0,9.0,1.0,2.0
2022-08-16,66.0,25.0,21.0,4.0,1.0,1.0
2022-08-15,46.0,33.0,72.0,19.0,2.0,3.0
2022-08-14,30.0,22.0,35.0,13.0,2.0,2.0
2022-08-13,37.0,18.0,16.0,7.0,1.0,1.0
2022-08-12,31.0,20.0,11.0,6.0,1.0,1.0
2022-08-11,33.0,14.0,16.0,8.0,1.0,1.0
2022-08-10,45.0,14.0,10.0,9.0,1.0,1.0
2022-08-09,43.0,18.0,15.0,6.0,1.0,1.0
2022-08-08,35.0,18.0,19.0,12.0,3.0,2.0
2022-08-07,32.0,15.0,34.0,10.0,5.0,2.0
2022-08-06,16.0,13.0,42.0,10.0,4.0,2.0
2022-08-04,72.0,15.0,29.0,10.0,1.0,1.0
2022-08-03,53.0,39.0,88.0,36.0,4.0,2.0
2022-08-02,45.0,23.0,42.0,26.0,5.0,2.0
2022-08-01,47.0,18.0,42.0,20.0,4.0,2.0
2022-07-31,36.0,20.0,36.0,15.0,7.0,1.0
2022-07-30,32.0,17.0,19.0,15.0,4.0,2.0
2022-07-29,27.0,14.0,15.0,17.0,2.0,2.0
2022-07-28,26.0,12.0,14.0,13.0,2.0,2.0
2022-07-27,29.0,15.0,7.0,11.0,1.0,2.0
2022-07-26,36.0,18.0,4.0,11.0,1.0,2.0
2022-07-25,42.0,15.0,25.0,12.0,3.0,2.0
2022-07-24,54.0,17.0,38.0,15.0,1.0,3.0
2022-07-23,56.0,23.0,48.0,19.0,1.0,3.0
2022-07-22,48.0,27.0,34.0,17.0,1.0,4.0
2022-07-21,49.0,19.0,42.0,15.0,2.0,3.0
2022-07-20,33.0,20.0,43.0,12.0,1.0,2.0
2022-07-19,43.0,14.0,27.0,11.0,1.0,1.0
2022-07-18,29.0,18.0,46.0,16.0,2.0,3.0
2022-07-17,25.0,16.0,44.0,13.0,1.0,2.0
2022-07-16,19.0,13.0,15.0,19.0,1.0,2.0
2022-07-15,14.0,11.0,12.0,13.0,1.0,2.0
2022-07-14,14.0,7.0,15.0,8.0,1.0,1.0
2022-07-13,33.0,8.0,13.0,12.0,1.0,1.0
2022-07-12,38.0,13.0,19.0,10.0,2.0,2.0
2022-07-11,28.0,14.0,46.0,11.0,1.0,2.0
2022-07-10,33.0,12.0,15.0,10.0,1.0,1.0
2022-07-09,22.0,11.0,28.0,13.0,1.0,2.0
2022-07-07,17.0,7.0,20.0,5.0,1.0,1.0
2022-07-06,21.0,7.0,15.0,4.0,1.0,1.0
2022-07-05,29.0,9.0,11.0,11.0,1.0,1.0
2022-07-04,46.0,11.0,11.0,17.0,1.0,2.0
2022-07-03,55.0,18.0,28.0,18.0,2.0,2.0
2022-07-02,64.0,25.0,43.0,27.0,3.0,2.0
2022-07-01,72.0,28.0,63.0,27.0,3.0,2.0
2022-06-30,61.0,33.0,111.0,30.0,6.0,4.0
2022-06-29,61.0,27.0,23.0,29.0,3.0,3.0
2022-06-28,56.0,26.0,49.0,28.0,4.0,3.0
2022-06-27,48.0,22.0,27.0,29.0,3.0,2.0
2022-06-26,52.0,17.0,24.0,13.0,2.0,1.0
2022-06-25,45.0,20.0,26.0,6.0,1.0,1.0
2022-06-24,45.0,17.0,11.0,11.0,1.0,2.0
2022-06-23,44.0,17.0,24.0,12.0,1.0,2.0
2022-06-22,64.0,18.0,35.0,11.0,1.0,8.0
2022-06-21,53.0,26.0,57.0,24.0,2.0,3.0
2022-06-20,30.0,21.0,15.0,30.0,3.0,3.0
2022-06-19,60.0,12.0,30.0,18.0,2.0,3.0
2022-06-18,79.0,27.0,13.0,37.0,3.0,4.0
2022-06-17,54.0,31.0,34.0,38.0,2.0,4.0
2022-06-16,25.0,17.0,25.0,26.0,2.0,3.0
2022-06-15,31.0,10.0,30.0,11.0,1.0,2.0
2022-06-14,29.0,11.0,26.0,5.0,1.0,1.0
2022-06-13,29.0,8.0,35.0,7.0,1.0,1.0
2022-06-12,22.0,10.0,35.0,4.0,1.0,2.0
2022-06-11,37.0,9.0,34.0,11.0,1.0,2.0
2022-06-10,19.0,12.0,33.0,13.0,2.0,3.0
2022-06-09,33.0,8.0,31.0,8.0,1.0,2.0
2022-06-08,11.0,12.0,26.0,5.0,1.0,1.0
2022-06-07,15.0,4.0,29.0,7.0,1.0,1.0
2022-06-06,39.0,6.0,36.0,7.0,1.0,2.0
2022-06-05,37.0,13.0,45.0,8.0,1.0,2.0
2022-06-04,44.0,12.0,51.0,8.0,1.0,2.0
2022-06-03,43.0,15.0,44.0,14.0,1.0,2.0
2022-06-02,40.0,15.0,34.0,20.0,2.0,3.0
2022-06-01,28.0,13.0,46.0,12.0,2.0,3.0
2022-05-31,52.0,10.0,34.0,11.0,1.0,1.0
2022-05-30,46.0,17.0,45.0,13.0,1.0,3.0
2022-05-29,33.0,15.0,66.0,12.0,3.0,3.0
2022-05-28,29.0,11.0,48.0,15.0,2.0,2.0
2022-05-27,37.0,14.0,35.0,16.0,1.0,2.0
2022-05-26,32.0,13.0,44.0,13.0,2.0,2.0
2022-05-25,28.0,11.0,40.0,14.0,1.0,2.0
2022-05-24,28.0,10.0,42.0,15.0,2.0,3.0
2022-05-23,19.0,9.0,52.0,7.0,2.0,2.0
2022-05-22,42.0,7.0,42.0,4.0,2.0,1.0
2022-05-21,65.0,16.0,35.0,19.0,1.0,3.0
2022-05-20,57.0,24.0,47.0,25.0,4.0,3.0
2022-05-19,64.0,19.0,57.0,22.0,3.0,3.0
2022-05-18,33.0,20.0,56.0,17.0,3.0,4.0
2022-05-17,25.0,10.0,21.0,24.0,1.0,3.0
2022-05-16,36.0,9.0,35.0,10.0,1.0,2.0
2022-05-15,23.0,11.0,41.0,4.0,1.0,2.0
2022-05-14,20.0,10.0,29.0,18.0,4.0,1.0
2022-05-13,45.0,8.0,13.0,22.0,1.0,2.0
2022-05-12,40.0,16.0,24.0,23.0,2.0,2.0
2022-05-11,26.0,12.0,50.0,14.0,3.0,2.0
2022-05-10,26.0,8.0,39.0,9.0,1.0,2.0
2022-05-09,26.0,9.0,30.0,9.0,1.0,2.0
2022-05-08,34.0,9.0,41.0,5.0,2.0,2.0
2022-05-07,47.0,11.0,40.0,9.0,1.0,2.0
2022-05-06,61.0,16.0,40.0,16.0,2.0,2.0
2022-05-05,48.0,22.0,66.0,16.0,3.0,4.0
2022-05-04,29.0,16.0,50.0,11.0,2.0,3.0
2022-05-03,20.0,10.0,49.0,7.0,2.0,3.0
2022-05-02,35.0,6.0,39.0,8.0,2.0,2.0
2022-05-01,20.0,11.0,31.0,9.0,2.0,2.0
2022-04-30,22.0,5.0,40.0,3.0,2.0,1.0
2022-04-29,41.0,7.0,36.0,6.0,1.0,2.0
2022-04-28,31.0,15.0,38.0,7.0,1.0,2.0
2022-04-27,43.0,14.0,30.0,19.0,2.0,2.0
2022-04-26,57.0,16.0,22.0,19.0,2.0,3.0
2022-04-25,48.0,21.0,37.0,24.0,3.0,4.0
2022-04-24,67.0,16.0,48.0,7.0,1.0,2.0
2022-04-23,37.0,25.0,66.0,29.0,3.0,4.0
2022-04-22,67.0,12.0,29.0,29.0,3.0,3.0
2022-04-21,61.0,23.0,34.0,21.0,3.0,4.0
2022-04-20,36.0,20.0,36.0,14.0,1.0,2.0
2022-04-19,42.0,11.0,45.0,12.0,1.0,3.0
2022-04-18,38.0,14.0,32.0,15.0,2.0,2.0
2022-04-17,26.0,12.0,40.0,5.0,2.0,2.0
2022-04-16,11.0,6.0,31.0,8.0,1.0,3.0
2022-04-13,59.0,23.0,28.0,26.0,2.0,2.0
2022-04-12,72.0,22.0,25.0,24.0,3.0,1.0
2022-04-11,71.0,25.0,39.0,24.0,3.0,3.0
2022-04-10,52.0,24.0,65.0,16.0,2.0,3.0
2022-04-09,46.0,17.0,47.0,16.0,2.0,3.0
2022-04-08,60.0,15.0,43.0,13.0,3.0,2.0
2022-04-07,52.0,21.0,42.0,17.0,2.0,2.0
2022-04-06,19.0,15.0,30.0,29.0,2.0,2.0
2022-04-05,12.0,4.0,34.0,10.0,1.0,2.0
2022-04-03,33.0,9.0,31.0,10.0,1.0,2.0
2022-04-02,22.0,9.0,40.0,7.0,1.0,2.0
2022-03-31,59.0,13.0,37.0,15.0,1.0,2.0
2022-03-30,46.0,17.0,29.0,25.0,3.0,3.0
2022-03-29,27.0,13.0,29.0,16.0,1.0,2.0
2022-03-28,23.0,8.0,31.0,10.0,2.0,2.0
2022-03-27,46.0,9.0,38.0,7.0,1.0,2.0
2022-03-26,61.0,17.0,33.0,15.0,1.0,2.0
2022-03-25,57.0,18.0,34.0,26.0,2.0,3.0
2022-03-24,49.0,13.0,30.0,17.0,2.0,3.0
2022-03-23,17.0,11.0,32.0,12.0,1.0,2.0
2022-03-22,22.0,4.0,29.0,10.0,1.0,2.0
2022-03-21,13.0,6.0,33.0,6.0,2.0,2.0
2022-03-20,28.0,3.0,35.0,6.0,1.0,2.0
2022-03-19,22.0,6.0,32.0,18.0,3.0,3.0
2022-03-17,30.0,14.0,39.0,17.0,3.0,2.0
2022-03-16,40.0,10.0,36.0,16.0,1.0,3.0
2022-03-15,41.0,9.0,36.0,15.0,1.0,3.0
2022-03-14,70.0,12.0,32.0,12.0,1.0,2.0
2022-03-13,75.0,25.0,42.0,11.0,2.0,3.0
2022-03-12,64.0,24.0,50.0,28.0,3.0,4.0
2022-03-11,49.0,19.0,44.0,21.0,2.0,3.0
2022-03-10,43.0,12.0,32.0,18.0,2.0,3.0
2022-03-09,43.0,11.0,33.0,10.0,1.0,2.0
2022-03-08,24.0,10.0,30.0,14.0,1.0,2.0
2022-03-07,32.0,7.0,33.0,11.0,1.0,2.0
2022-03-06,60.0,9.0,35.0,4.0,1.0,2.0
2022-03-05,37.0,18.0,45.0,15.0,2.0,3.0
2022-03-04,50.0,10.0,33.0,10.0,2.0,2.0
2022-03-03,47.0,12.0,39.0,11.0,2.0,2.0
2022-03-02,64.0,13.0,40.0,12.0,1.0,2.0
2022-03-01,35.0,19.0,32.0,29.0,2.0,3.0
2022-02-28,44.0,9.0,31.0,16.0,2.0,3.0
2022-02-27,39.0,12.0,43.0,9.0,1.0,2.0
2022-02-26,35.0,10.0,38.0,15.0,2.0,2.0
2022-02-25,19.0,9.0,31.0,19.0,2.0,3.0
2022-02-23,27.0,4.0,32.0,8.0,1.0,2.0
2022-02-22,16.0,7.0,31.0,13.0,1.0,2.0
2022-02-21,42.0,4.0,31.0,10.0,1.0,2.0
2022-02-20,47.0,9.0,32.0,11.0,1.0,2.0
2022-02-19,13.0,12.0,16.0,28.0,2.0,4.0
2022-02-18,17.0,4.0,30.0,12.0,1.0,2.0
2022-02-17,50.0,4.0,30.0,12.0,1.0,2.0
2022-02-16,55.0,14.0,29.0,19.0,1.0,2.0
2022-02-15,52.0,15.0,21.0,25.0,1.0,4.0
2022-02-13,39.0,13.0,30.0,20.0,1.0,3.0
2022-02-12,32.0,9.0,31.0,12.0,1.0,3.0
2022-02-10,31.0,9.0,22.0,17.0,1.0,2.0
2022-02-09,37.0,7.0,31.0,12.0,1.0,2.0
2022-02-08,18.0,9.0,22.0,16.0,1.0,3.0
2022-02-07,20.0,5.0,27.0,12.0,1.0,2.0
2022-02-06,31.0,5.0,31.0,7.0,1.0,2.0
2022-02-05,30.0,8.0,29.0,18.0,1.0,4.0
2022-02-04,51.0,7.0,26.0,17.0,3.0,3.0
2022-02-03,38.0,13.0,29.0,25.0,1.0,3.0
2022-02-02,28.0,9.0,31.0,14.0,1.0,2.0
2022-02-01,17.0,8.0,23.0,17.0,1.0,2.0
2022-01-31,26.0,5.0,29.0,8.0,1.0,2.0
2022-01-29,45.0,9.0,29.0,15.0,2.0,3.0
2022-01-28,46.0,11.0,30.0,16.0,1.0,3.0
2022-01-27,58.0,13.0,32.0,18.0,1.0,4.0
2022-01-26,28.0,13.0,24.0,18.0,1.0,3.0
2022-01-25,41.0,8.0,28.0,13.0,1.0,2.0
2022-01-24,46.0,10.0,29.0,13.0,1.0,2.0
2022-01-23,23.0,13.0,25.0,13.0,1.0,3.0
2022-01-22,16.0,5.0,26.0,15.0,1.0,3.0
2022-01-21,44.0,4.0,26.0,9.0,1.0,2.0
2022-01-20,24.0,11.0,25.0,23.0,1.0,3.0
2022-01-19,14.0,6.0,23.0,16.0,1.0,3.0
2022-01-18,52.0,4.0,26.0,10.0,1.0,2.0
2022-01-17,47.0,14.0,18.0,29.0,2.0,5.0
2022-01-16,25.0,13.0,21.0,18.0,1.0,5.0
2022-01-15,19.0,7.0,24.0,13.0,1.0,7.0
2022-01-14,18.0,6.0,26.0,10.0,1.0,2.0
2022-01-13,14.0,5.0,27.0,13.0,1.0,2.0
2022-01-12,48.0,4.0,24.0,12.0,1.0,2.0
2022-01-11,40.0,12.0,20.0,24.0,1.0,3.0
2022-01-10,53.0,11.0,28.0,10.0,1.0,3.0
2022-01-09,36.0,14.0,20.0,29.0,1.0,4.0
2022-01-08,30.0,9.0,22.0,22.0,1.0,3.0
2022-01-07,33.0,9.0,25.0,17.0,1.0,2.0
2022-01-05,25.0,5.0,26.0,8.0,1.0,2.0
2022-01-04,21.0,7.0,26.0,17.0,1.0,3.0
2022-01-02,10.0,6.0,26.0,10.0,1.0,4.0
2021-12-31,43.0,2.0,28.0,5.0,1.0,2.0
2021-12-30,45.0,12.0,27.0,19.0,1.0,3.0
2021-12-29,18.0,12.0,19.0,24.0,1.0,4.0
2021-12-28,23.0,5.0,25.0,13.0,1.0,2.0
2021-12-27,9.0,5.0,19.0,13.0,1.0,2.0
2021-12-26,54.0,2.0,26.0,4.0,1.0,2.0
2021-12-25,68.0,16.0,25.0,22.0,1.0,3.0
2021-12-24,34.0,21.0,11.0,36.0,1.0,4.0
2021-12-23,30.0,10.0,28.0,12.0,1.0,2.0
2021-12-22,66.0,9.0,27.0,18.0,1.0,3.0
2021-12-21,40.0,20.0,4.0,46.0,4.0,6.0
2021-12-20,41.0,10.0,16.0,28.0,3.0,4.0
2021-12-19,10.0,10.0,21.0,23.0,1.0,4.0
2021-12-17,69.0,18.0,26.0,33.0,1.0,4.0
2021-12-16,75.0,21.0,24.0,44.0,2.0,9.0
2021-12-15,34.0,24.0,2.0,48.0,2.0,6.0
2021-12-14,19.0,9.0,22.0,26.0,1.0,5.0
2021-12-12,68.0,24.0,18.0,30.0,1.0,5.0
2021-12-11,38.0,20.0,15.0,30.0,4.0,4.0
2021-12-09,7.0,8.0,22.0,10.0,1.0,2.0
2021-12-08,34.0,2.0,24.0,8.0,1.0,2.0
2021-12-06,16.0,12.0,17.0,17.0,1.0,2.0
2021-12-05,49.0,4.0,26.0,5.0,1.0,3.0
2021-12-04,43.0,14.0,24.0,30.0,1.0,4.0
2021-12-03,14.0,12.0,17.0,28.0,1.0,4.0
2021-12-02,20.0,4.0,22.0,12.0,1.0,3.0
2021-12-01,48.0,10.0,27.0,12.0,1.0,2.0
2021-11-30,39.0,14.0,16.0,32.0,2.0,3.0
2021-11-29,13.0,11.0,15.0,25.0,2.0,3.0
2021-11-28,16.0,4.0,29.0,7.0,1.0,2.0
2021-11-27,36.0,4.0,25.0,9.0,1.0,2.0
2021-11-26,37.0,11.0,25.0,22.0,5.0,3.0
2021-11-25,20.0,11.0,28.0,22.0,1.0,3.0
2021-11-24,21.0,7.0,23.0,11.0,1.0,2.0
2021-11-23,38.0,7.0,27.0,13.0,1.0,3.0
2021-11-22,54.0,13.0,24.0,20.0,1.0,3.0
2021-11-21,61.0,19.0,26.0,11.0,1.0,3.0
2021-11-20,73.0,21.0,36.0,19.0,1.0,3.0
2021-11-19,50.0,23.0,9.0,36.0,3.0,5.0
2021-11-18,30.0,14.0,17.0,24.0,1.0,3.0
2021-11-17,47.0,9.0,25.0,14.0,1.0,2.0
2021-11-16,47.0,15.0,27.0,17.0,1.0,3.0
2021-11-15,47.0,14.0,24.0,29.0,4.0,4.0
2021-11-14,30.0,13.0,27.0,18.0,1.0,3.0
2021-11-13,25.0,9.0,28.0,17.0,3.0,3.0
2021-11-12,21.0,7.0,29.0,16.0,1.0,3.0
2021-11-11,14.0,6.0,32.0,11.0,1.0,2.0
2021-11-10,23.0,5.0,32.0,9.0,1.0,2.0
2021-11-09,26.0,9.0,14.0,22.0,1.0,3.0
2021-11-08,26.0,8.0,23.0,12.0,1.0,2.0
2021-11-06,31.0,9.0,33.0,10.0,1.0,2.0
2021-11-05,28.0,10.0,33.0,17.0,1.0,2.0
2021-11-04,37.0,9.0,30.0,14.0,1.0,2.0
2021-11-02,52.0,14.0,29.0,13.0,1.0,3.0
2021-11-01,55.0,16.0,26.0,16.0,1.0,3.0
2021-10-31,33.0,19.0,23.0,14.0,1.0,3.0
2021-10-30,20.0,11.0,31.0,16.0,2.0,3.0
2021-10-03,25.0,12.0,40.0,10.0,1.0,2.0
2021-10-02,13.0,10.0,34.0,18.0,2.0,2.0
2021-09-30,28.0,14.0,29.0,20.0,2.0,3.0
2021-09-29,31.0,11.0,30.0,11.0,1.0,3.0
2021-09-25,43.0,10.0,30.0,4.0,1.0,2.0
2021-09-24,40.0,15.0,54.0,10.0,1.0,2.0
2021-09-23,36.0,17.0,39.0,18.0,1.0,2.0
2021-09-22,31.0,15.0,20.0,18.0,1.0,3.0
2021-09-21,28.0,12.0,39.0,8.0,1.0,2.0
2021-09-20,17.0,10.0,36.0,5.0,1.0,2.0
2021-09-19,24.0,7.0,36.0,3.0,1.0,2.0
2021-09-18,32.0,17.0,25.0,10.0,1.0,2.0
2021-09-17,32.0,13.0,28.0,14.0,2.0,3.0
2021-09-16,32.0,11.0,31.0,6.0,1.0,2.0
2021-09-14,46.0,14.0,32.0,15.0,2.0,2.0
2021-09-12,43.0,20.0,29.0,11.0,1.0,3.0
2021-09-11,39.0,18.0,40.0,18.0,1.0,3.0
2021-09-10,30.0,15.0,55.0,16.0,1.0,4.0
2021-09-08,24.0,13.0,29.0,19.0,1.0,3.0
2021-09-07,24.0,9.0,34.0,8.0,1.0,2.0
2021-09-06,16.0,9.0,24.0,9.0,1.0,2.0
2021-09-05,15.0,8.0,30.0,3.0,1.0,2.0
2021-09-04,14.0,8.0,26.0,8.0,1.0,2.0
2021-09-03,12.0,7.0,20.0,12.0,1.0,2.0
2021-09-02,29.0,6.0,30.0,12.0,1.0,2.0
2021-09-01,40.0,12.0,32.0,9.0,1.0,2.0
2021-08-31,53.0,16.0,44.0,9.0,1.0,2.0
2021-08-30,49.0,25.0,34.0,21.0,2.0,2.0
2021-08-29,73.0,22.0,39.0,6.0,1.0,2.0
2021-08-28,56.0,37.0,75.0,16.0,3.0,3.0
2021-08-27,62.0,27.0,39.0,15.0,1.0,2.0
2021-08-26,39.0,29.0,84.0,22.0,1.0,2.0
2021-08-25,39.0,19.0,13.0,16.0,1.0,1.0
2021-08-24,32.0,16.0,34.0,19.0,2.0,2.0
2021-08-23,20.0,16.0,33.0,14.0,1.0,2.0
2021-08-22,24.0,9.0,12.0,6.0,1.0,1.0
2021-08-21,24.0,10.0,11.0,10.0,1.0,2.0
2021-08-20,18.0,11.0,12.0,11.0,3.0,2.0
2021-08-19,23.0,9.0,12.0,9.0,1.0,2.0
2021-08-18,18.0,15.0,7.0,7.0,1.0,1.0
2021-08-17,15.0,9.0,14.0,15.0,1.0,2.0
2021-08-14,13.0,10.0,16.0,6.0,1.0,1.0
2021-08-13,31.0,6.0,42.0,6.0,1.0,2.0
2021-08-12,21.0,13.0,30.0,10.0,1.0,2.0
2021-08-11,27.0,8.0,44.0,11.0,2.0,1.0
2021-08-10,56.0,11.0,32.0,13.0,1.0,2.0
2021-08-09,11.0,37.0,24.0,6.0,1.0,1.0
2021-08-08,14.0,7.0,10.0,5.0,1.0,2.0
2021-08-07,20.0,8.0,10.0,7.0,1.0,1.0
2021-08-06,22.0,9.0,31.0,8.0,1.0,1.0
2021-08-05,29.0,10.0,38.0,11.0,2.0,1.0
2021-08-04,28.0,15.0,41.0,15.0,1.0,2.0
2021-08-03,28.0,16.0,14.0,9.0,1.0,1.0
2021-08-02,36.0,14.0,26.0,12.0,2.0,2.0
2021-08-01,21.0,15.0,41.0,14.0,1.0,3.0
2021-07-31,29.0,9.0,27.0,8.0,1.0,2.0
2021-07-30,33.0,12.0,19.0,15.0,2.0,2.0
2021-07-29,43.0,14.0,20.0,13.0,1.0,2.0
2021-07-28,22.0,20.0,30.0,16.0,1.0,3.0
2021-07-27,48.0,9.0,23.0,8.0,1.0,1.0
2021-07-26,29.0,16.0,31.0,6.0,1.0,1.0
2021-07-25,22.0,11.0,32.0,5.0,1.0,2.0
2021-07-24,22.0,9.0,34.0,8.0,1.0,2.0
2021-07-23,27.0,10.0,28.0,11.0,1.0,2.0
2021-07-22,27.0,10.0,24.0,12.0,1.0,1.0
2021-07-21,35.0,9.0,23.0,14.0,2.0,2.0
2021-07-20,37.0,14.0,32.0,15.0,2.0,2.0
2021-07-19,27.0,15.0,47.0,13.0,2.0,3.0
2021-07-18,37.0,12.0,21.0,9.0,1.0,2.0
2021-07-17,23.0,15.0,33.0,11.0,2.0,1.0
2021-07-16,36.0,9.0,21.0,9.0,1.0,1.0
2021-07-15,33.0,14.0,38.0,11.0,1.0,2.0
2021-07-14,42.0,13.0,41.0,9.0,1.0,2.0
2021-07-13,42.0,15.0,35.0,15.0,1.0,2.0
2021-07-12,41.0,17.0,45.0,23.0,2.0,3.0
2021-07-11,49.0,19.0,56.0,10.0,4.0,2.0
2021-07-10,31.0,21.0,34.0,18.0,1.0,2.0
2021-07-09,25.0,14.0,16.0,22.0,1.0,2.0
2021-07-08,77.0,11.0,18.0,15.0,2.0,2.0
2021-07-07,79.0,34.0,50.0,18.0,1.0,4.0
2021-07-06,25.0,33.0,14.0,58.0,2.0,5.0
2021-07-02,20.0,8.0,21.0,25.0,1.0,3.0
2021-07-01,28.0,9.0,34.0,17.0,1.0,2.0
2021-06-30,17.0,12.0,43.0,10.0,1.0,2.0
2021-06-29,22.0,7.0,44.0,8.0,1.0,1.0
2021-06-28,19.0,8.0,35.0,8.0,1.0,1.0
2021-06-27,29.0,8.0,44.0,6.0,1.0,2.0
2021-06-26,21.0,11.0,52.0,10.0,2.0,2.0
2021-06-25,36.0,9.0,42.0,10.0,2.0,2.0
2021-06-24,29.0,12.0,40.0,11.0,1.0,2.0
2021-06-23,26.0,10.0,28.0,10.0,3.0,2.0
2021-06-22,31.0,10.0,42.0,12.0,3.0,2.0
2021-06-21,13.0,11.0,42.0,11.0,1.0,2.0
2021-06-20,22.0,6.0,34.0,6.0,1.0,1.0
2021-06-19,35.0,9.0,27.0,13.0,1.0,2.0
2021-06-18,24.0,12.0,39.0,12.0,1.0,2.0
2021-06-16,38.0,10.0,23.0,12.0,1.0,2.0
2021-06-15,35.0,13.0,61.0,18.0,1.0,2.0
2021-06-14,40.0,14.0,21.0,20.0,1.0,2.0
2021-06-13,36.0,15.0,30.0,11.0,2.0,2.0
2021-06-12,43.0,13.0,27.0,14.0,1.0,3.0
2021-06-11,57.0,15.0,44.0,12.0,2.0,3.0
2021-06-10,57.0,20.0,48.0,14.0,2.0,3.0
2021-06-07,41.0,14.0,29.0,28.0,5.0,3.0
2021-06-06,20.0,15.0,38.0,18.0,2.0,3.0
2021-06-05,18.0,7.0,47.0,9.0,1.0,2.0
2021-06-04,31.0,13.0,30.0,11.0,1.0,1.0
2021-06-03,30.0,11.0,40.0,10.0,1.0,1.0
2021-06-02,23.0,10.0,34.0,15.0,1.0,2.0
2021-06-01,24.0,8.0,53.0,8.0,1.0,2.0
2021-05-31,49.0,8.0,41.0,9.0,1.0,2.0
2021-05-30,53.0,18.0,52.0,6.0,1.0,2.0
2021-05-29,47.0,20.0,48.0,10.0,1.0,2.0
2021-05-28,32.0,16.0,43.0,27.0,2.0,3.0
2021-05-27,52.0,12.0,36.0,16.0,1.0,2.0
2021-05-26,46.0,18.0,50.0,8.0,1.0,2.0
2021-05-25,39.0,15.0,66.0,12.0,1.0,2.0
2021-05-24,25.0,14.0,45.0,20.0,2.0,3.0
2021-05-23,39.0,10.0,47.0,8.0,2.0,2.0
2021-05-22,29.0,14.0,44.0,12.0,1.0,3.0
2021-05-21,52.0,20.0,41.0,10.0,1.0,2.0
2021-05-20,23.0,13.0,29.0,22.0,1.0,3.0
2021-05-19,25.0,8.0,24.0,15.0,1.0,3.0
2021-05-18,22.0,10.0,23.0,14.0,1.0,2.0
2021-05-17,35.0,10.0,14.0,9.0,1.0,2.0
2021-05-15,40.0,12.0,42.0,15.0,1.0,3.0
2021-05-14,27.0,12.0,50.0,17.0,2.0,3.0
2021-05-13,25.0,11.0,34.0,16.0,1.0,2.0
2021-05-12,32.0,9.0,40.0,8.0,1.0,2.0
2021-05-11,60.0,12.0,38.0,10.0,2.0,2.0
2021-05-10,74.0,24.0,41.0,10.0,1.0,2.0
2021-05-08,40.0,18.0,42.0,18.0,1.0,3.0
2021-05-07,27.0,13.0,40.0,28.0,1.0,4.0
2021-05-06,33.0,9.0,46.0,9.0,1.0,2.0
2021-05-05,40.0,12.0,43.0,5.0,1.0,2.0
2021-05-04,23.0,13.0,44.0,17.0,3.0,3.0
2021-05-03,23.0,8.0,40.0,6.0,1.0,2.0
2021-05-02,45.0,9.0,43.0,4.0,1.0,2.0
2021-05-01,33.0,17.0,51.0,10.0,1.0,3.0
2021-04-30,25.0,12.0,52.0,8.0,2.0,2.0
2021-04-29,36.0,10.0,29.0,10.0,1.0,2.0
2021-04-28,27.0,11.0,36.0,13.0,1.0,2.0
2021-04-27,31.0,8.0,39.0,9.0,1.0,2.0
2021-04-25,38.0,14.0,51.0,9.0,2.0,2.0
2021-04-24,35.0,13.0,51.0,12.0,3.0,2.0
2021-04-23,38.0,11.0,41.0,8.0,2.0,3.0
2021-04-22,58.0,11.0,40.0,8.0,1.0,2.0
2021-04-21,56.0,20.0,56.0,17.0,2.0,3.0
2021-04-20,50.0,21.0,33.0,26.0,3.0,4.0
2021-04-19,25.0,17.0,43.0,9.0,1.0,3.0
2021-04-18,28.0,9.0,42.0,5.0,1.0,1.0
2021-04-17,30.0,10.0,34.0,8.0,1.0,2.0
2021-04-16,21.0,10.0,36.0,13.0,1.0,2.0
2021-04-15,20.0,7.0,39.0,6.0,1.0,2.0
2021-04-14,28.0,10.0,33.0,14.0,1.0,2.0
2021-04-13,34.0,10.0,30.0,17.0,1.0,2.0
2021-04-12,32.0,10.0,40.0,13.0,1.0,2.0
2021-04-11,6.0,9.0,45.0,6.0,1.0,2.0
2021-04-10,1.0,6.0,39.0,6.0,1.0,2.0
2021-04-09,1.0,9.0,37.0,10.0,1.0,2.0
2021-04-08,1.0,11.0,44.0,13.0,1.0,2.0
2021-04-07,1.0,10.0,37.0,14.0,1.0,3.0
2021-04-04,1.0,23.0,37.0,9.0,1.0,3.0
2021-04-03,1.0,16.0,46.0,12.0,1.0,2.0
2021-04-02,1.0,15.0,39.0,8.0,1.0,2.0
2021-04-01,1.0,36.0,43.0,10.0,1.0,3.0
2021-03-31,1.0,52.0,48.0,10.0,2.0,3.0
2021-03-30,8.0,44.0,47.0,15.0,1.0,3.0
2021-03-29,49.0,13.0,30.0,24.0,3.0,2.0
2021-03-28,54.0,19.0,43.0,12.0,1.0,2.0
2021-03-27,53.0,18.0,46.0,11.0,2.0,2.0
2021-03-26,30.0,17.0,45.0,14.0,1.0,2.0
2021-03-25,45.0,10.0,35.0,20.0,1.0,3.0
2021-03-24,34.0,13.0,41.0,17.0,1.0,3.0
2021-03-23,27.0,11.0,34.0,12.0,1.0,3.0
2021-03-22,36.0,8.0,33.0,6.0,1.0,2.0
2021-03-21,36.0,19.0,31.0,10.0,1.0,2.0
2021-03-20,40.0,12.0,35.0,13.0,2.0,3.0
2021-03-19,46.0,14.0,37.0,11.0,1.0,3.0
2021-03-18,36.0,17.0,31.0,15.0,1.0,3.0
2021-03-17,51.0,12.0,36.0,9.0,1.0,2.0
2021-03-16,25.0,15.0,44.0,19.0,1.0,3.0
2021-03-15,16.0,8.0,38.0,8.0,1.0,2.0
2021-03-14,18.0,3.0,40.0,4.0,1.0,2.0
2021-03-13,64.0,7.0,31.0,9.0,1.0,2.0
2021-03-12,34.0,21.0,25.0,36.0,2.0,4.0
2021-03-11,41.0,10.0,30.0,15.0,1.0,3.0
2021-03-10,31.0,13.0,38.0,16.0,1.0,3.0
2021-03-09,40.0,9.0,26.0,15.0,1.0,3.0
2021-03-08,28.0,10.0,27.0,15.0,1.0,2.0
2021-03-07,58.0,8.0,35.0,4.0,1.0,2.0
2021-03-06,47.0,16.0,36.0,14.0,1.0,2.0
2021-03-05,29.0,14.0,23.0,25.0,2.0,3.0
2021-03-04,17.0,9.0,31.0,15.0,2.0,2.0
2021-03-03,19.0,6.0,35.0,6.0,1.0,2.0
2021-03-02,39.0,8.0,32.0,10.0,1.0,2.0
2021-03-01,32.0,12.0,25.0,22.0,2.0,4.0
2021-02-28,25.0,8.0,31.0,12.0,2.0,3.0
2021-02-27,36.0,7.0,35.0,5.0,1.0,2.0
2021-02-26,29.0,10.0,32.0,20.0,1.0,3.0
2021-02-25,13.0,7.0,29.0,15.0,4.0,3.0
2021-02-24,30.0,4.0,31.0,6.0,1.0,2.0
2021-02-23,80.0,10.0,37.0,11.0,1.0,3.0
2021-02-22,72.0,32.0,43.0,32.0,4.0,5.0
2021-02-21,43.0,29.0,40.0,24.0,3.0,5.0
2021-02-20,15.0,15.0,45.0,14.0,1.0,3.0
2021-02-19,17.0,5.0,25.0,13.0,1.0,3.0
2021-02-18,23.0,4.0,25.0,11.0,1.0,2.0
2021-02-17,23.0,7.0,32.0,7.0,1.0,2.0
2021-02-16,24.0,7.0,32.0,13.0,1.0,2.0
2021-02-15,54.0,9.0,17.0,22.0,1.0,3.0
2021-02-14,45.0,18.0,31.0,19.0,1.0,4.0
2021-02-13,52.0,14.0,27.0,20.0,4.0,4.0
2021-02-12,38.0,15.0,27.0,20.0,2.0,3.0
2021-02-11,33.0,11.0,38.0,10.0,1.0,3.0
2021-02-10,16.0,8.0,24.0,18.0,1.0,3.0
2021-02-09,19.0,4.0,27.0,9.0,1.0,2.0
2021-02-08,49.0,5.0,30.0,8.0,1.0,3.0
2021-02-07,60.0,15.0,37.0,15.0,2.0,4.0
2021-02-06,22.0,16.0,22.0,34.0,2.0,5.0
2021-02-05,27.0,6.0,27.0,16.0,1.0,3.0
2021-02-04,22.0,7.0,32.0,16.0,1.0,3.0
2021-02-03,38.0,5.0,30.0,13.0,1.0,4.0
2021-02-02,48.0,12.0,28.0,19.0,1.0,3.0
2021-02-01,27.0,13.0,32.0,22.0,2.0,4.0
2021-01-31,17.0,7.0,31.0,14.0,1.0,3.0
2021-01-30,35.0,4.0,29.0,8.0,1.0,2.0
2021-01-29,44.0,10.0,29.0,16.0,1.0,3.0
2021-01-28,50.0,12.0,22.0,16.0,1.0,3.0
2021-01-27,57.0,14.0,30.0,23.0,1.0,3.0
2021-01-26,32.0,15.0,9.0,33.0,1.0,4.0
2021-01-25,29.0,8.0,20.0,19.0,1.0,3.0
2021-01-23,101.0,20.0,28.0,15.0,1.0,5.0
2021-01-22,70.0,35.0,8.0,50.0,2.0,6.0
2021-01-21,20.0,21.0,12.0,40.0,1.0,5.0
2021-01-20,19.0,7.0,27.0,13.0,1.0,3.0
2021-01-18,23.0,11.0,24.0,22.0,1.0,3.0
2021-01-17,58.0,7.0,26.0,7.0,1.0,2.0
2021-01-16,53.0,22.0,29.0,20.0,1.0,3.0
2021-01-14,54.0,17.0,24.0,36.0,3.0,5.0
2021-01-13,55.0,14.0,10.0,34.0,4.0,4.0
2021-01-11,25.0,8.0,21.0,13.0,1.0,2.0
2021-01-10,16.0,8.0,26.0,13.0,1.0,3.0
2021-01-09,21.0,4.0,27.0,12.0,1.0,2.0
2021-01-08,31.0,6.0,24.0,16.0,1.0,3.0
2021-01-07,38.0,9.0,30.0,13.0,1.0,3.0
2021-01-05,33.0,11.0,19.0,23.0,1.0,3.0
2021-01-03,23.0,4.0,27.0,9.0,1.0,3.0
2021-01-02,16.0,6.0,23.0,10.0,1.0,3.0
2021-01-01,10.0,5.0,27.0,10.0,1.0,2.0
2020-12-30,65.0,17.0,27.0,16.0,1.0,4.0
2020-12-29,66.0,20.0,13.0,32.0,1.0,5.0
2020-12-28,33.0,19.0,16.0,34.0,1.0,7.0
2020-12-27,30.0,9.0,25.0,13.0,1.0,3.0
2020-12-26,43.0,8.0,21.0,24.0,1.0,4.0
2020-12-25,54.0,14.0,28.0,23.0,1.0,5.0
2020-12-24,46.0,15.0,16.0,40.0,1.0,6.0
2020-12-23,48.0,12.0,20.0,36.0,2.0,4.0
2020-12-22,17.0,13.0,9.0,36.0,3.0,4.0
2020-12-21,10.0,5.0,23.0,19.0,1.0,4.0
2020-12-20,21.0,3.0,27.0,7.0,1.0,2.0
2020-12-19,41.0,5.0,22.0,14.0,1.0,3.0
2020-12-18,13.0,11.0,12.0,36.0,2.0,5.0
2020-12-17,17.0,3.0,21.0,12.0,1.0,2.0
2020-12-16,16.0,4.0,18.0,15.0,1.0,3.0
2020-12-15,21.0,4.0,20.0,14.0,1.0,2.0
2020-12-14,35.0,6.0,21.0,15.0,1.0,3.0
2020-12-13,80.0,9.0,26.0,11.0,1.0,3.0
2020-12-12,63.0,23.0,25.0,24.0,1.0,4.0
2020-12-11,53.0,17.0,16.0,29.0,1.0,5.0
2020-12-10,20.0,13.0,15.0,21.0,1.0,3.0
2020-12-09,49.0,6.0,24.0,13.0,1.0,2.0
2020-12-08,61.0,15.0,27.0,25.0,1.0,4.0
2020-12-07,48.0,17.0,8.0,37.0,1.0,6.0
2020-12-06,33.0,12.0,22.0,19.0,1.0,3.0
2020-12-05,31.0,8.0,15.0,18.0,1.0,2.0
2020-12-04,58.0,8.0,24.0,16.0,1.0,3.0
2020-12-03,29.0,14.0,16.0,18.0,1.0,3.0
2020-12-02,29.0,7.0,19.0,16.0,1.0,2.0
2020-12-01,47.0,8.0,21.0,16.0,1.0,3.0
2020-11-29,22.0,6.0,22.0,9.0,2.0,3.0
2020-11-28,37.0,6.0,26.0,8.0,1.0,2.0
2020-11-27,65.0,10.0,19.0,12.0,1.0,2.0
2020-11-26,25.0,17.0,8.0,33.0,1.0,5.0
2020-11-24,23.0,5.0,25.0,10.0,1.0,2.0
2020-11-23,23.0,8.0,29.0,8.0,1.0,2.0
2020-11-22,17.0,7.0,26.0,10.0,1.0,3.0
2020-11-21,31.0,5.0,23.0,8.0,1.0,2.0
2020-11-20,74.0,11.0,27.0,9.0,1.0,1.0
2020-11-19,71.0,28.0,28.0,26.0,2.0,4.0
2020-11-18,61.0,25.0,14.0,34.0,2.0,5.0
2020-11-17,76.0,20.0,33.0,16.0,1.0,3.0
2020-11-16,44.0,25.0,16.0,40.0,2.0,6.0
2020-11-15,44.0,14.0,27.0,16.0,3.0,3.0
2020-11-14,48.0,13.0,30.0,11.0,1.0,3.0
2020-11-13,25.0,14.0,16.0,29.0,1.0,3.0
2020-11-12,17.0,7.0,24.0,13.0,1.0,2.0
2020-11-11,21.0,4.0,23.0,10.0,1.0,2.0
2020-11-09,57.0,7.0,26.0,10.0,1.0,2.0
2020-11-08,71.0,18.0,32.0,14.0,1.0,3.0
2020-11-07,53.0,23.0,15.0,34.0,1.0,5.0
2020-11-06,28.0,15.0,10.0,30.0,1.0,4.0
2020-11-05,19.0,8.0,26.0,20.0,1.0,3.0
2020-11-04,50.0,5.0,25.0,12.0,1.0,2.0
2020-11-03,78.0,15.0,18.0,14.0,1.0,3.0
2020-11-02,48.0,28.0,13.0,28.0,1.0,4.0
2020-11-01,23.0,15.0,29.0,14.0,3.0,3.0
2020-10-31,25.0,7.0,30.0,9.0,1.0,2.0
2020-10-30,44.0,7.0,27.0,8.0,1.0,2.0
2020-10-29,43.0,13.0,34.0,14.0,1.0,2.0
2020-10-28,32.0,14.0,22.0,26.0,3.0,3.0
2020-10-27,38.0,10.0,29.0,12.0,1.0,2.0
2020-10-26,19.0,12.0,31.0,20.0,3.0,3.0
2020-10-25,19.0,6.0,35.0,7.0,1.0,3.0
2020-10-24,38.0,6.0,31.0,8.0,2.0,2.0
2020-10-23,46.0,13.0,15.0,20.0,1.0,3.0
2020-10-22,36.0,16.0,25.0,18.0,2.0,3.0
2020-10-21,33.0,11.0,32.0,12.0,1.0,2.0
2020-10-20,32.0,11.0,32.0,13.0,1.0,3.0
2020-10-19,21.0,10.0,14.0,20.0,1.0,3.0
2020-10-18,25.0,7.0,31.0,8.0,1.0,3.0
2020-10-17,23.0,9.0,22.0,11.0,1.0,2.0
2020-10-16,29.0,8.0,30.0,7.0,1.0,2.0
2020-10-15,34.0,10.0,24.0,10.0,1.0,3.0
2020-10-12,11.0,3.0,23.0,6.0,1.0,2.0
2020-10-07,28.0,10.0,32.0,8.0,1.0,2.0
2020-10-06,59.0,9.0,33.0,8.0,1.0,2.0
2020-10-05,50.0,23.0,30.0,19.0,1.0,4.0
2020-10-04,40.0,17.0,42.0,14.0,1.0,3.0
2020-10-03,42.0,13.0,42.0,12.0,2.0,3.0
2020-10-02,32.0,14.0,50.0,17.0,2.0,3.0
2020-09-30,23.0,10.0,39.0,9.0,2.0,2.0
2020-09-29,21.0,8.0,32.0,7.0,1.0,2.0
2020-09-28,21.0,8.0,33.0,13.0,1.0,2.0
2020-09-27,19.0,9.0,30.0,6.0,1.0,2.0
2020-09-24,26.0,10.0,27.0,7.0,1.0,2.0
2020-09-23,41.0,10.0,28.0,10.0,1.0,2.0
2020-09-22,41.0,13.0,38.0,6.0,1.0,2.0
2020-09-21,37.0,13.0,36.0,7.0,1.0,2.0
2020-09-20,23.0,12.0,26.0,7.0,1.0,3.0
2020-09-19,31.0,9.0,35.0,7.0,1.0,2.0
2020-09-18,37.0,12.0,12.0,6.0,1.0,1.0
2020-09-17,31.0,14.0,30.0,18.0,1.0,3.0
2020-09-16,24.0,12.0,32.0,10.0,1.0,3.0
2020-09-15,28.0,9.0,33.0,9.0,1.0,2.0
2020-09-14,21.0,10.0,27.0,10.0,2.0,3.0
2020-09-07,16.0,12.0,5.0,10.0,1.0,2.0
2020-09-06,31.0,7.0,19.0,6.0,1.0,1.0
2020-09-05,24.0,11.0,29.0,8.0,1.0,4.0
2020-09-04,22.0,10.0,25.0,11.0,1.0,1.0
2020-09-03,26.0,12.0,8.0,10.0,1.0,2.0
2020-09-02,20.0,11.0,21.0,11.0,1.0,3.0
2020-09-01,30.0,7.0,22.0,8.0,1.0,1.0
2020-08-31,23.0,11.0,36.0,8.0,1.0,2.0
2020-08-30,29.0,9.0,17.0,9.0,1.0,2.0
2020-08-29,23.0,12.0,18.0,11.0,2.0,1.0
2020-08-28,20.0,11.0,13.0,8.0,2.0,2.0
2020-08-27,36.0,9.0,14.0,9.0,2.0,2.0
2020-08-26,32.0,13.0,48.0,12.0,2.0,3.0
2020-08-25,29.0,11.0,48.0,8.0,1.0,2.0
2020-08-24,37.0,10.0,29.0,6.0,1.0,2.0
2020-08-23,63.0,12.0,27.0,5.0,2.0,2.0
2020-08-22,55.0,24.0,59.0,14.0,2.0,3.0
2020-08-21,44.0,20.0,64.0,21.0,7.0,3.0
2020-08-20,50.0,17.0,55.0,15.0,4.0,3.0
2020-08-19,51.0,18.0,73.0,13.0,9.0,3.0
2020-08-18,61.0,21.0,43.0,11.0,1.0,2.0
2020-08-17,63.0,26.0,39.0,15.0,3.0,3.0
2020-08-16,81.0,25.0,42.0,6.0,2.0,2.0
2020-08-15,53.0,36.0,119.0,15.0,9.0,4.0
2020-08-14,61.0,20.0,45.0,8.0,2.0,2.0
2020-08-13,47.0,24.0,67.0,12.0,7.0,3.0
2020-08-12,26.0,19.0,33.0,13.0,7.0,2.0
2020-08-11,69.0,10.0,18.0,7.0,1.0,1.0
2020-08-10,65.0,32.0,66.0,14.0,2.0,2.0
2020-08-09,88.0,28.0,23.0,14.0,2.0,2.0
2020-08-08,69.0,42.0,30.0,12.0,2.0,2.0
2020-08-07,58.0,28.0,25.0,17.0,4.0,2.0
2020-08-06,49.0,23.0,18.0,16.0,2.0,2.0
2020-08-05,41.0,20.0,27.0,19.0,2.0,1.0
2020-08-04,35.0,15.0,34.0,18.0,2.0,2.0
2020-08-03,28.0,13.0,39.0,16.0,3.0,3.0
2020-08-02,23.0,10.0,32.0,4.0,1.0,2.0
2020-08-01,54.0,8.0,35.0,6.0,1.0,2.0
2020-07-31,27.0,22.0,39.0,23.0,2.0,3.0
2020-07-30,13.0,11.0,25.0,8.0,1.0,1.0
2020-07-29,32.0,6.0,20.0,5.0,1.0,1.0
2020-07-28,18.0,13.0,10.0,9.0,1.0,1.0
2020-07-27,21.0,10.0,12.0,9.0,1.0,1.0
2020-07-26,39.0,11.0,15.0,11.0,1.0,2.0
2020-07-25,55.0,18.0,5.0,15.0,2.0,2.0
2020-07-24,25.0,21.0,55.0,24.0,3.0,4.0
2020-07-23,46.0,11.0,24.0,13.0,1.0,2.0
2020-07-22,45.0,20.0,13.0,27.0,2.0,2.0
2020-07-21,55.0,17.0,20.0,20.0,2.0,3.0
2020-07-20,35.0,22.0,66.0,18.0,2.0,3.0
2020-07-19,20.0,13.0,37.0,15.0,1.0,3.0
2020-07-18,15.0,7.0,10.0,14.0,1.0,2.0
2020-07-17,24.0,6.0,12.0,9.0,1.0,2.0
2020-07-16,14.0,8.0,27.0,8.0,1.0,2.0
2020-07-15,29.0,6.0,17.0,10.0,1.0,2.0
2020-07-14,28.0,12.0,15.0,20.0,1.0,2.0
2020-07-13,33.0,11.0,27.0,10.0,2.0,2.0
2020-07-12,36.0,13.0,39.0,5.0,1.0,1.0
2020-07-11,29.0,16.0,10.0,6.0,1.0,2.0
2020-07-10,25.0,13.0,6.0,11.0,1.0,2.0
2020-07-09,20.0,13.0,10.0,17.0,2.0,2.0
2020-07-06,44.0,11.0,8.0,10.0,1.0,1.0
2020-07-05,20.0,17.0,41.0,8.0,2.0,2.0
2020-07-03,39.0,13.0,31.0,16.0,2.0,3.0
2020-07-02,32.0,14.0,44.0,11.0,1.0,2.0
2020-06-30,33.0,19.0,26.0,17.0,2.0,3.0
2020-06-29,34.0,10.0,60.0,10.0,2.0,2.0
2020-06-28,72.0,14.0,40.0,15.0,1.0,2.0
2020-06-27,56.0,31.0,47.0,22.0,2.0,3.0
2020-06-26,25.0,21.0,38.0,19.0,2.0,3.0
2020-06-25,35.0,8.0,18.0,11.0,1.0,2.0
2020-06-24,24.0,12.0,25.0,8.0,1.0,2.0
2020-06-23,29.0,9.0,36.0,13.0,1.0,2.0
2020-06-22,28.0,10.0,26.0,9.0,1.0,2.0
2020-06-21,30.0,10.0,32.0,5.0,1.0,2.0
2020-06-20,20.0,11.0,48.0,15.0,2.0,3.0
2020-06-19,40.0,8.0,38.0,11.0,1.0,2.0
2020-06-18,35.0,14.0,38.0,12.0,1.0,2.0
2020-06-17,56.0,11.0,51.0,7.0,1.0,2.0
2020-06-16,53.0,20.0,46.0,16.0,2.0,3.0
2020-06-15,53.0,20.0,32.0,25.0,2.0,3.0
2020-06-14,21.0,18.0,26.0,17.0,1.0,3.0
2020-06-13,30.0,8.0,29.0,10.0,1.0,2.0
2020-06-12,23.0,12.0,18.0,13.0,1.0,1.0
2020-06-11,31.0,10.0,16.0,7.0,1.0,1.0
2020-06-10,56.0,11.0,34.0,9.0,1.0,2.0
2020-06-09,45.0,21.0,35.0,19.0,2.0,2.0
2020-06-08,46.0,17.0,51.0,11.0,1.0,3.0
2020-06-07,71.0,16.0,44.0,4.0,1.0,2.0
2020-06-06,70.0,29.0,61.0,9.0,1.0,3.0
2020-06-05,87.0,28.0,47.0,26.0,3.0,3.0
2020-06-04,54.0,35.0,60.0,15.0,3.0,4.0
2020-06-03,34.0,19.0,51.0,16.0,2.0,2.0
2020-06-02,31.0,12.0,26.0,18.0,1.0,2.0
2020-06-01,28.0,11.0,30.0,12.0,1.0,2.0
2020-05-31,46.0,10.0,34.0,11.0,1.0,2.0
2020-05-30,33.0,15.0,43.0,17.0,2.0,3.0
2020-05-29,39.0,10.0,44.0,13.0,1.0,2.0
2020-05-28,51.0,11.0,53.0,10.0,1.0,2.0
2020-05-27,41.0,16.0,59.0,14.0,1.0,2.0
2020-05-26,29.0,15.0,32.0,24.0,2.0,3.0
2020-05-25,17.0,11.0,34.0,17.0,2.0,3.0
2020-05-24,22.0,8.0,44.0,10.0,1.0,2.0
2020-05-23,23.0,8.0,35.0,13.0,2.0,2.0
2020-05-22,23.0,7.0,24.0,9.0,1.0,2.0
2020-05-18,41.0,16.0,33.0,11.0,1.0,2.0
2020-05-17,36.0,13.0,54.0,10.0,5.0,3.0
2020-05-16,49.0,13.0,35.0,13.0,1.0,2.0
2020-05-15,42.0,18.0,41.0,19.0,3.0,3.0
2020-05-14,66.0,14.0,44.0,17.0,2.0,2.0
2020-05-13,46.0,28.0,49.0,10.0,2.0,2.0
2020-05-12,29.0,17.0,57.0,12.0,2.0,3.0
2020-05-11,25.0,13.0,37.0,12.0,1.0,2.0
2020-05-10,33.0,11.0,32.0,5.0,1.0,2.0
2020-05-09,32.0,10.0,36.0,7.0,1.0,2.0
2020-05-08,15.0,9.0,46.0,11.0,1.0,2.0
2020-05-07,27.0,7.0,42.0,5.0,1.0,2.0
2020-05-05,38.0,12.0,48.0,7.0,1.0,2.0
2020-05-04,75.0,14.0,34.0,10.0,1.0,3.0
2020-05-03,100.0,32.0,36.0,13.0,2.0,2.0
2020-05-02,60.0,44.0,41.0,23.0,4.0,3.0
2020-05-01,64.0,22.0,47.0,10.0,2.0,3.0
2020-04-30,44.0,23.0,65.0,17.0,1.0,4.0
2020-04-29,39.0,14.0,45.0,15.0,3.0,2.0
2020-04-28,44.0,11.0,44.0,11.0,2.0,3.0
2020-04-27,53.0,14.0,46.0,7.0,1.0,2.0
2020-04-26,28.0,20.0,64.0,5.0,1.0,2.0
2020-04-25,20.0,8.0,48.0,12.0,1.0,2.0
2020-04-24,19.0,5.0,41.0,8.0,1.0,2.0
2020-04-23,36.0,7.0,40.0,9.0,1.0,2.0
2020-04-22,49.0,12.0,38.0,10.0,1.0,2.0
2020-04-21,19.0,13.0,31.0,30.0,2.0,3.0
2020-04-19,21.0,5.0,39.0,11.0,1.0,3.0
2020-04-18,35.0,12.0,35.0,13.0,1.0,3.0
2020-04-17,48.0,11.0,39.0,8.0,2.0,2.0
2020-04-15,22.0,11.0,40.0,16.0,2.0,2.0
2020-04-12,26.0,9.0,39.0,4.0,1.0,2.0
2020-04-10,48.0,7.0,37.0,7.0,1.0,2.0
2020-04-09,59.0,15.0,48.0,10.0,1.0,2.0
2020-04-08,47.0,20.0,55.0,19.0,2.0,3.0
2020-04-07,29.0,14.0,41.0,13.0,2.0,3.0
2020-04-06,39.0,9.0,39.0,10.0,1.0,2.0
2020-04-05,55.0,12.0,37.0,7.0,1.0,2.0
2020-04-04,38.0,18.0,46.0,15.0,1.0,3.0
2020-04-03,25.0,12.0,34.0,15.0,1.0,2.0
2020-04-02,54.0,6.0,41.0,6.0,1.0,3.0
2020-03-29,40.0,2.0,28.0,6.0,1.0,2.0
2020-03-28,55.0,15.0,34.0,12.0,1.0,2.0
2020-03-27,53.0,20.0,33.0,30.0,2.0,4.0
2020-03-26,28.0,16.0,23.0,34.0,4.0,3.0
2020-03-25,26.0,8.0,35.0,12.0,1.0,2.0
2020-03-24,39.0,8.0,34.0,7.0,1.0,2.0
2020-03-23,57.0,13.0,39.0,10.0,1.0,2.0
2020-03-22,40.0,23.0,48.0,19.0,1.0,3.0
2020-03-21,22.0,14.0,34.0,19.0,2.0,3.0
2020-03-20,55.0,7.0,35.0,7.0,1.0,2.0
2020-03-19,44.0,18.0,33.0,21.0,2.0,3.0
2020-03-18,27.0,13.0,35.0,25.0,2.0,3.0
2020-03-17,24.0,8.0,35.0,15.0,1.0,3.0
2020-03-16,26.0,8.0,31.0,10.0,1.0,2.0
2020-03-15,31.0,7.0,34.0,8.0,1.0,2.0
2020-03-13,25.0,15.0,35.0,22.0,2.0,4.0
2020-03-12,35.0,8.0,33.0,11.0,2.0,2.0
2020-03-11,44.0,9.0,32.0,14.0,1.0,3.0
2020-03-10,25.0,14.0,21.0,22.0,1.0,3.0
2020-03-09,44.0,8.0,28.0,11.0,1.0,2.0
2020-03-07,33.0,11.0,31.0,11.0,1.0,2.0
2020-03-06,30.0,9.0,35.0,10.0,1.0,2.0
2020-03-05,43.0,7.0,36.0,10.0,1.0,3.0
2020-03-04,24.0,12.0,26.0,18.0,1.0,3.0
2020-03-03,33.0,8.0,30.0,14.0,2.0,4.0
2020-03-02,48.0,10.0,25.0,13.0,1.0,2.0
2020-03-01,48.0,13.0,36.0,12.0,2.0,3.0
2020-02-29,22.0,12.0,28.0,17.0,2.0,3.0
2020-02-28,19.0,6.0,24.0,15.0,2.0,3.0
2020-02-27,49.0,5.0,29.0,9.0,1.0,2.0
2020-02-26,74.0,13.0,25.0,14.0,1.0,3.0
2020-02-25,47.0,27.0,25.0,28.0,5.0,4.0
2020-02-24,39.0,14.0,32.0,14.0,1.0,4.0
2020-02-08,38.0,14.0,31.0,21.0,1.0,4.0
2020-02-07,13.0,10.0,19.0,20.0,4.0,4.0
2020-02-05,22.0,10.0,29.0,17.0,1.0,3.0
2020-02-04,50.0,7.0,26.0,13.0,1.0,3.0
2020-02-03,22.0,16.0,24.0,23.0,1.0,4.0
2020-02-02,8.0,7.0,34.0,6.0,1.0,2.0
2020-02-01,10.0,3.0,28.0,8.0,1.0,2.0
2020-01-31,22.0,3.0,27.0,8.0,1.0,2.0
2020-01-30,17.0,8.0,24.0,26.0,2.0,5.0
2020-01-29,17.0,6.0,22.0,22.0,1.0,3.0
2020-01-26,31.0,10.0,23.0,15.0,1.0,3.0
2020-01-25,67.0,9.0,29.0,11.0,1.0,3.0
2020-01-24,78.0,20.0,30.0,30.0,2.0,5.0
2020-01-23,52.0,26.0,12.0,35.0,1.0,5.0
2020-01-22,26.0,15.0,22.0,23.0,1.0,4.0
2020-01-21,49.0,8.0,29.0,14.0,1.0,4.0
2020-01-20,27.0,16.0,19.0,33.0,6.0,5.0
2020-01-19,27.0,8.0,29.0,10.0,1.0,3.0
2020-01-18,30.0,8.0,26.0,11.0,1.0,2.0
2020-01-17,20.0,9.0,22.0,19.0,1.0,3.0
2020-01-16,48.0,6.0,22.0,18.0,1.0,3.0
2020-01-15,39.0,14.0,21.0,25.0,1.0,4.0
2020-01-14,60.0,11.0,20.0,23.0,3.0,4.0
2020-01-13,49.0,17.0,23.0,19.0,3.0,4.0
2020-01-11,24.0,13.0,16.0,22.0,3.0,3.0
2020-01-10,19.0,8.0,23.0,15.0,1.0,3.0
2020-01-09,58.0,6.0,26.0,14.0,1.0,4.0
2020-01-08,43.0,16.0,12.0,22.0,1.0,4.0
2020-01-06,14.0,7.0,27.0,12.0,1.0,2.0
2020-01-05,22.0,5.0,30.0,6.0,1.0,2.0
2020-01-04,38.0,6.0,30.0,12.0,1.0,3.0
2020-01-03,18.0,10.0,19.0,20.0,2.0,4.0
2020-01-02,18.0,5.0,24.0,12.0,1.0,4.0
2019-12-28,32.0,5.0,29.0,7.0,1.0,2.0
2019-12-27,71.0,10.0,27.0,15.0,1.0,3.0
2019-12-26,41.0,23.0,4.0,36.0,3.0,7.0
2019-12-25,23.0,12.0,22.0,25.0,1.0,4.0
2019-12-24,29.0,6.0,26.0,15.0,1.0,4.0
2019-12-23,62.0,8.0,24.0,26.0,4.0,5.0
2019-12-22,37.0,18.0,19.0,16.0,1.0,4.0
2019-12-21,45.0,10.0,17.0,15.0,1.0,3.0
2019-12-20,44.0,14.0,24.0,18.0,1.0,3.0
2019-12-19,62.0,13.0,22.0,18.0,1.0,4.0
2019-12-18,78.0,22.0,11.0,30.0,1.0,6.0
2019-12-17,51.0,26.0,7.0,31.0,1.0,5.0
2019-12-16,27.0,15.0,15.0,24.0,1.0,4.0
2019-12-15,57.0,9.0,29.0,7.0,1.0,3.0
2019-12-14,22.0,20.0,25.0,26.0,3.0,4.0
2019-12-13,46.0,7.0,22.0,16.0,2.0,3.0
2019-12-12,69.0,18.0,25.0,22.0,2.0,5.0
2019-12-11,59.0,22.0,8.0,29.0,1.0,5.0
2019-12-10,47.0,18.0,19.0,26.0,1.0,4.0
2019-12-09,46.0,13.0,20.0,19.0,1.0,3.0
2019-12-08,41.0,14.0,28.0,15.0,1.0,4.0
2019-12-07,23.0,10.0,17.0,21.0,1.0,3.0
2019-12-06,25.0,7.0,17.0,19.0,1.0,4.0
2019-12-05,26.0,7.0,21.0,22.0,3.0,3.0
2019-12-04,20.0,8.0,21.0,23.0,9.0,3.0
2019-12-03,82.0,7.0,27.0,19.0,3.0,4.0
2019-12-02,63.0,32.0,7.0,34.0,2.0,6.0
2019-12-01,22.0,21.0,17.0,26.0,4.0,5.0
2019-11-30,18.0,7.0,26.0,16.0,1.0,3.0
2019-11-29,30.0,6.0,23.0,14.0,1.0,4.0
2019-11-28,51.0,11.0,18.0,17.0,1.0,3.0
2019-11-27,23.0,18.0,16.0,23.0,1.0,3.0
2019-11-26,49.0,9.0,24.0,10.0,1.0,2.0
2019-11-25,23.0,20.0,20.0,21.0,1.0,4.0
2019-11-24,10.0,7.0,23.0,15.0,4.0,4.0
2019-11-22,21.0,12.0,14.0,21.0,1.0,3.0
2019-11-21,13.0,7.0,27.0,12.0,1.0,3.0
2019-11-20,44.0,4.0,26.0,8.0,1.0,2.0
2019-11-19,48.0,16.0,27.0,18.0,1.0,3.0
2019-11-18,36.0,16.0,35.0,18.0,3.0,4.0
2019-11-17,46.0,12.0,32.0,12.0,1.0,3.0
2019-11-16,27.0,14.0,28.0,29.0,6.0,5.0
2019-11-15,36.0,8.0,22.0,16.0,3.0,4.0
2019-11-14,51.0,12.0,34.0,16.0,3.0,3.0
2019-11-13,32.0,16.0,21.0,26.0,3.0,3.0
2019-11-12,50.0,10.0,29.0,18.0,1.0,4.0
2019-11-11,43.0,16.0,21.0,22.0,2.0,3.0
2019-11-10,36.0,12.0,34.0,11.0,2.0,3.0
2019-11-09,34.0,11.0,31.0,12.0,4.0,3.0
2019-11-08,53.0,10.0,33.0,11.0,1.0,3.0
2019-11-07,50.0,18.0,27.0,25.0,4.0,4.0
2019-11-06,29.0,16.0,16.0,36.0,5.0,4.0
2019-11-05,25.0,9.0,25.0,18.0,3.0,3.0
2019-11-04,56.0,9.0,32.0,7.0,1.0,2.0
2019-11-03,42.0,20.0,29.0,13.0,2.0,3.0
2019-11-02,81.0,14.0,31.0,12.0,3.0,3.0
2019-11-01,67.0,34.0,23.0,37.0,7.0,6.0
2019-10-31,68.0,28.0,31.0,23.0,5.0,5.0
2019-10-30,38.0,27.0,13.0,45.0,4.0,6.0
2019-10-29,29.0,13.0,20.0,21.0,1.0,3.0
2019-10-28,35.0,10.0,30.0,12.0,1.0,3.0
2019-10-27,22.0,12.0,29.0,11.0,3.0,3.0
2019-10-26,21.0,9.0,20.0,27.0,4.0,4.0
2019-10-25,36.0,9.0,26.0,11.0,1.0,2.0
2019-10-24,21.0,14.0,30.0,10.0,1.0,2.0
2019-10-23,13.0,7.0,25.0,22.0,2.0,3.0
2019-10-21,32.0,10.0,29.0,10.0,1.0,2.0
2019-10-20,35.0,13.0,27.0,15.0,2.0,4.0
2019-10-19,40.0,13.0,19.0,25.0,6.0,5.0
2019-10-18,40.0,13.0,24.0,13.0,1.0,2.0
2019-10-17,28.0,13.0,22.0,18.0,2.0,4.0
2019-10-16,22.0,10.0,23.0,10.0,1.0,2.0
2019-10-15,42.0,8.0,26.0,9.0,1.0,2.0
2019-10-14,17.0,15.0,23.0,7.0,1.0,7.0
2019-10-13,26.0,5.0,31.0,3.0,1.0,2.0
2019-10-12,35.0,24.0,21.0,3.0,1.0,5.0
2019-10-09,34.0,8.0,36.0,6.0,2.0,3.0
2019-10-08,21.0,12.0,26.0,19.0,3.0,3.0
2019-10-06,28.0,11.0,31.0,5.0,1.0,3.0
2019-10-05,42.0,9.0,45.0,12.0,6.0,3.0
2019-10-04,59.0,17.0,35.0,15.0,2.0,3.0
2019-10-03,64.0,23.0,29.0,21.0,6.0,3.0
2019-09-30,38.0,17.0,33.0,16.0,3.0,3.0
2019-09-29,49.0,16.0,20.0,20.0,6.0,4.0
2019-09-28,48.0,19.0,19.0,31.0,13.0,3.0
2019-09-27,35.0,18.0,50.0,21.0,7.0,4.0
2019-09-26,26.0,12.0,38.0,11.0,2.0,3.0
2019-09-25,26.0,10.0,38.0,14.0,4.0,2.0
2019-09-24,31.0,12.0,27.0,16.0,3.0,3.0
2019-09-23,29.0,15.0,24.0,7.0,3.0,3.0
2019-09-22,30.0,12.0,35.0,6.0,1.0,2.0
2019-09-21,36.0,11.0,30.0,10.0,1.0,2.0
2019-09-20,32.0,13.0,40.0,11.0,2.0,3.0
2019-09-19,27.0,12.0,34.0,13.0,2.0,3.0
2019-09-18,35.0,12.0,25.0,11.0,1.0,2.0
2019-09-17,16.0,16.0,29.0,13.0,3.0,3.0
2019-09-16,34.0,8.0,19.0,9.0,1.0,3.0
2019-09-15,32.0,14.0,33.0,7.0,1.0,3.0
2019-09-14,25.0,14.0,30.0,12.0,1.0,3.0
2019-09-13,23.0,11.0,26.0,10.0,2.0,2.0
2019-09-12,57.0,11.0,38.0,9.0,1.0,3.0
2019-09-11,59.0,29.0,48.0,21.0,5.0,4.0
2019-09-10,34.0,28.0,68.0,23.0,6.0,4.0
2019-09-09,38.0,20.0,19.0,15.0,7.0,3.0
2019-09-08,26.0,22.0,15.0,7.0,4.0,1.0
2019-09-07,54.0,12.0,14.0,10.0,5.0,3.0
2019-09-06,46.0,24.0,26.0,22.0,6.0,5.0
2019-09-05,32.0,19.0,41.0,14.0,3.0,3.0
2019-09-04,52.0,14.0,33.0,9.0,1.0,3.0
2019-09-03,60.0,25.0,28.0,12.0,1.0,4.0
2019-09-02,63.0,29.0,30.0,20.0,6.0,4.0
2019-09-01,43.0,28.0,67.0,9.0,4.0,4.0
2019-08-31,35.0,20.0,24.0,22.0,6.0,4.0
2019-08-30,52.0,17.0,9.0,11.0,2.0,2.0
2019-08-29,32.0,23.0,20.0,13.0,2.0,3.0
2019-08-28,48.0,16.0,13.0,12.0,2.0,4.0
2019-08-27,49.0,21.0,34.0,19.0,4.0,4.0
2019-08-26,58.0,18.0,34.0,11.0,1.0,4.0
2019-08-25,58.0,25.0,54.0,11.0,3.0,4.0
2019-08-24,40.0,27.0,39.0,26.0,4.0,5.0
2019-08-23,43.0,21.0,14.0,18.0,3.0,3.0
2019-08-22,31.0,19.0,40.0,14.0,3.0,5.0
2019-08-21,44.0,13.0,30.0,15.0,2.0,4.0
2019-08-20,74.0,23.0,24.0,16.0,3.0,4.0
2019-08-18,72.0,38.0,44.0,11.0,4.0,5.0
2019-08-17,73.0,39.0,41.0,21.0,8.0,6.0
2019-08-15,51.0,40.0,14.0,7.0,2.0,3.0
2019-08-14,33.0,34.0,15.0,8.0,2.0,3.0
2019-08-13,42.0,22.0,14.0,8.0,3.0,2.0
2019-08-12,41.0,22.0,17.0,7.0,3.0,3.0
2019-08-11,41.0,19.0,29.0,10.0,5.0,2.0
2019-08-10,42.0,18.0,27.0,14.0,6.0,3.0
2019-08-09,47.0,19.0,18.0,18.0,6.0,4.0
2019-08-08,33.0,23.0,18.0,20.0,6.0,4.0
2019-08-07,36.0,17.0,17.0,16.0,5.0,3.0
2019-08-06,30.0,19.0,10.0,13.0,3.0,3.0
2019-08-05,39.0,14.0,23.0,10.0,4.0,3.0
2019-08-04,52.0,16.0,24.0,13.0,6.0,2.0
2019-08-03,69.0,24.0,23.0,21.0,8.0,4.0
2019-08-02,72.0,38.0,49.0,22.0,5.0,3.0
2019-08-01,65.0,39.0,73.0,25.0,6.0,4.0
2019-07-31,61.0,35.0,21.0,23.0,5.0,4.0
2019-07-30,64.0,31.0,14.0,21.0,7.0,4.0
2019-07-29,74.0,34.0,17.0,19.0,5.0,4.0
2019-07-28,40.0,45.0,15.0,13.0,6.0,3.0
2019-07-27,30.0,25.0,9.0,10.0,4.0,3.0
2019-07-26,60.0,13.0,11.0,13.0,3.0,3.0
2019-07-25,30.0,31.0,30.0,22.0,4.0,4.0
2019-07-24,32.0,14.0,31.0,16.0,3.0,3.0
2019-07-23,49.0,14.0,19.0,15.0,2.0,3.0
2019-07-22,54.0,22.0,13.0,13.0,1.0,3.0
2019-07-21,54.0,26.0,23.0,12.0,3.0,3.0
2019-07-20,37.0,26.0,38.0,20.0,6.0,4.0
2019-07-19,51.0,19.0,12.0,25.0,6.0,3.0
2019-07-18,42.0,22.0,19.0,27.0,5.0,4.0
2019-07-17,13.0,16.0,33.0,24.0,4.0,4.0
2019-07-14,62.0,12.0,40.0,12.0,3.0,3.0
2019-07-13,27.0,26.0,30.0,33.0,5.0,6.0
2019-07-12,37.0,11.0,26.0,19.0,2.0,3.0
2019-07-11,22.0,13.0,30.0,12.0,3.0,2.0
2019-07-10,27.0,9.0,28.0,8.0,1.0,2.0
2019-07-09,16.0,10.0,26.0,8.0,1.0,2.0
2019-07-06,35.0,10.0,35.0,9.0,1.0,2.0
2019-07-05,20.0,13.0,43.0,13.0,2.0,3.0
2019-07-04,75.0,10.0,45.0,14.0,2.0,2.0
2019-07-03,70.0,33.0,56.0,29.0,6.0,4.0
2019-07-02,44.0,33.0,18.0,35.0,7.0,4.0
2019-07-01,30.0,19.0,17.0,19.0,1.0,3.0
2019-06-29,41.0,10.0,30.0,13.0,1.0,3.0
2019-06-28,36.0,18.0,23.0,21.0,4.0,3.0
2019-06-27,54.0,13.0,26.0,10.0,2.0,2.0
2019-06-26,47.0,21.0,30.0,18.0,4.0,3.0
2019-06-25,18.0,16.0,39.0,18.0,5.0,4.0
2019-06-23,25.0,12.0,23.0,12.0,4.0,3.0
2019-06-22,60.0,10.0,35.0,9.0,2.0,3.0
2019-06-21,78.0,25.0,31.0,18.0,4.0,4.0
2019-06-20,79.0,33.0,52.0,16.0,5.0,4.0
2019-06-17,25.0,4.0,39.0,12.0,4.0,3.0
2019-06-16,22.0,9.0,38.0,9.0,4.0,3.0
2019-06-15,37.0,9.0,29.0,10.0,3.0,2.0
2019-06-14,43.0,13.0,29.0,22.0,7.0,4.0
2019-06-13,34.0,15.0,37.0,20.0,6.0,4.0
2019-06-12,21.0,11.0,32.0,12.0,2.0,3.0
2019-06-11,14.0,7.0,32.0,9.0,1.0,2.0
2019-06-10,30.0,6.0,25.0,12.0,1.0,2.0
2019-06-09,37.0,10.0,35.0,4.0,1.0,2.0
2019-06-08,82.0,12.0,40.0,10.0,1.0,3.0
2019-06-07,58.0,34.0,37.0,20.0,2.0,4.0
2019-06-06,40.0,23.0,70.0,23.0,5.0,4.0
2019-06-05,40.0,15.0,25.0,25.0,7.0,4.0
2019-06-04,36.0,15.0,40.0,16.0,3.0,4.0
2019-06-03,73.0,12.0,44.0,13.0,4.0,3.0
2019-06-02,54.0,29.0,57.0,16.0,6.0,5.0
2019-06-01,37.0,20.0,50.0,15.0,4.0,6.0
2019-05-31,33.0,14.0,32.0,17.0,5.0,4.0
2019-05-30,32.0,11.0,39.0,14.0,4.0,4.0
2019-05-29,52.0,14.0,39.0,14.0,1.0,3.0
2019-05-28,127.0,18.0,41.0,12.0,3.0,3.0
2019-05-27,97.0,55.0,65.0,47.0,14.0,7.0
2019-05-26,78.0,40.0,105.0,34.0,17.0,5.0
2019-05-25,65.0,31.0,67.0,31.0,14.0,5.0
2019-05-24,57.0,25.0,60.0,34.0,7.0,4.0
2019-05-23,38.0,19.0,62.0,18.0,5.0,4.0
2019-05-22,27.0,15.0,42.0,11.0,2.0,10.0
2019-05-21,53.0,18.0,31.0,12.0,1.0,9.0
2019-05-20,50.0,21.0,37.0,11.0,2.0,3.0
2019-05-19,44.0,17.0,44.0,7.0,2.0,3.0
2019-05-18,38.0,16.0,43.0,10.0,2.0,4.0
2019-05-17,38.0,13.0,44.0,12.0,2.0,3.0
2019-05-16,43.0,13.0,44.0,12.0,2.0,3.0
2019-05-15,40.0,16.0,39.0,16.0,3.0,3.0
2019-05-14,37.0,16.0,33.0,22.0,3.0,3.0
2019-05-13,44.0,13.0,39.0,10.0,3.0,3.0
2019-05-12,73.0,17.0,43.0,6.0,2.0,2.0
2019-05-11,65.0,29.0,60.0,29.0,7.0,4.0
2019-05-10,36.0,23.0,71.0,29.0,5.0,4.0
2019-05-09,41.0,11.0,42.0,14.0,5.0,2.0
2019-05-08,22.0,13.0,35.0,21.0,13.0,3.0
2019-05-07,43.0,7.0,44.0,10.0,1.0,2.0
2019-05-06,48.0,20.0,38.0,17.0,10.0,4.0
2019-05-05,51.0,16.0,49.0,16.0,6.0,5.0
2019-05-04,51.0,20.0,48.0,9.0,2.0,4.0
2019-05-03,35.0,18.0,45.0,18.0,5.0,4.0
2019-05-02,19.0,15.0,43.0,17.0,3.0,3.0
2019-05-01,18.0,8.0,41.0,9.0,2.0,3.0
2019-04-30,31.0,9.0,37.0,7.0,3.0,2.0
2019-04-29,19.0,10.0,34.0,17.0,12.0,3.0
2019-04-28,16.0,6.0,43.0,5.0,2.0,3.0
2019-04-27,33.0,5.0,34.0,8.0,1.0,2.0
2019-04-26,48.0,12.0,34.0,11.0,2.0,3.0
2019-04-25,61.0,26.0,23.0,31.0,3.0,8.0
2019-04-24,52.0,32.0,26.0,20.0,2.0,4.0
2019-04-23,73.0,19.0,47.0,14.0,3.0,8.0
2019-04-22,58.0,31.0,60.0,17.0,3.0,9.0
2019-04-21,46.0,24.0,51.0,14.0,3.0,4.0
2019-04-20,62.0,14.0,41.0,9.0,2.0,3.0
2019-04-19,52.0,24.0,49.0,18.0,4.0,4.0
2019-04-18,53.0,17.0,55.0,18.0,6.0,4.0
2019-04-17,45.0,17.0,37.0,25.0,9.0,4.0
2019-04-16,38.0,13.0,43.0,19.0,11.0,4.0
2019-04-15,40.0,12.0,44.0,16.0,8.0,3.0
2019-04-14,45.0,12.0,41.0,17.0,9.0,3.0
2019-04-13,29.0,11.0,45.0,15.0,4.0,4.0
2019-04-12,18.0,8.0,33.0,12.0,2.0,3.0
2019-04-11,33.0,4.0,34.0,9.0,1.0,2.0
2019-04-10,30.0,6.0,28.0,18.0,2.0,3.0
2019-04-09,44.0,7.0,36.0,10.0,1.0,3.0
2019-04-08,61.0,14.0,39.0,11.0,2.0,3.0
2019-04-07,59.0,23.0,57.0,15.0,5.0,4.0
2019-04-06,54.0,22.0,52.0,16.0,4.0,4.0
2019-04-05,55.0,16.0,46.0,23.0,3.0,4.0
2019-04-04,43.0,16.0,34.0,26.0,5.0,4.0
2019-04-03,39.0,11.0,37.0,10.0,1.0,3.0
2019-04-02,29.0,9.0,35.0,12.0,1.0,3.0
2019-03-31,64.0,17.0,40.0,13.0,2.0,3.0
2019-03-30,40.0,20.0,29.0,16.0,1.0,3.0
2019-03-29,48.0,11.0,33.0,13.0,2.0,4.0
2019-03-28,59.0,15.0,48.0,14.0,2.0,3.0
2019-03-27,73.0,19.0,47.0,17.0,6.0,3.0
2019-03-26,52.0,24.0,27.0,37.0,5.0,5.0
2019-03-25,34.0,14.0,27.0,22.0,3.0,4.0
2019-03-24,31.0,10.0,39.0,10.0,2.0,3.0
2019-03-23,30.0,8.0,34.0,11.0,1.0,3.0
2019-03-22,35.0,10.0,39.0,13.0,1.0,3.0
2019-03-21,58.0,14.0,39.0,12.0,3.0,2.0
2019-03-20,48.0,18.0,41.0,25.0,4.0,4.0
2019-03-19,31.0,13.0,35.0,29.0,4.0,4.0
2019-03-18,46.0,8.0,34.0,17.0,4.0,3.0
2019-03-17,63.0,12.0,38.0,10.0,4.0,3.0
2019-03-16,54.0,18.0,37.0,16.0,2.0,4.0
2019-03-15,35.0,15.0,36.0,19.0,5.0,4.0
2019-03-14,45.0,9.0,33.0,14.0,2.0,3.0
2019-03-13,40.0,14.0,38.0,21.0,2.0,4.0
2019-03-12,15.0,13.0,37.0,22.0,5.0,4.0
2019-03-11,41.0,5.0,34.0,16.0,2.0,3.0
2019-03-10,40.0,13.0,35.0,19.0,5.0,4.0
2019-03-09,32.0,12.0,36.0,19.0,4.0,4.0
2019-03-07,81.0,20.0,33.0,21.0,1.0,4.0
2019-03-06,60.0,31.0,18.0,42.0,4.0,8.0
2019-03-05,27.0,19.0,37.0,17.0,3.0,4.0
2019-03-03,65.0,24.0,32.0,12.0,1.0,3.0
2019-03-02,57.0,21.0,39.0,12.0,3.0,3.0
2019-03-01,75.0,17.0,26.0,27.0,7.0,4.0
2019-02-28,60.0,23.0,20.0,28.0,1.0,4.0
2019-02-27,67.0,18.0,32.0,17.0,2.0,4.0
2019-02-26,76.0,23.0,34.0,14.0,2.0,4.0
2019-02-25,61.0,26.0,19.0,40.0,5.0,6.0
2019-02-24,59.0,19.0,38.0,13.0,4.0,4.0
2019-02-23,43.0,18.0,37.0,11.0,1.0,3.0
2019-02-22,24.0,11.0,27.0,21.0,3.0,4.0
2019-02-21,86.0,7.0,35.0,10.0,1.0,4.0
2019-02-20,75.0,28.0,29.0,27.0,2.0,5.0
2019-02-19,46.0,24.0,13.0,44.0,6.0,7.0
2019-02-18,48.0,14.0,32.0,23.0,8.0,4.0
2019-02-17,67.0,13.0,37.0,7.0,1.0,3.0
2019-02-16,50.0,21.0,31.0,24.0,2.0,4.0
2019-02-15,34.0,12.0,25.0,26.0,2.0,4.0
2019-02-14,51.0,9.0,30.0,11.0,2.0,3.0
2019-02-13,35.0,14.0,19.0,24.0,3.0,8.0
2019-02-12,50.0,10.0,28.0,18.0,2.0,3.0
2019-02-11,27.0,12.0,25.0,13.0,1.0,3.0
2019-02-09,19.0,12.0,24.0,14.0,1.0,3.0
2019-02-08,98.0,5.0,28.0,11.0,1.0,3.0
2019-02-07,79.0,37.0,19.0,43.0,5.0,9.0
2019-02-06,53.0,27.0,11.0,31.0,1.0,6.0
2019-02-05,28.0,17.0,29.0,16.0,1.0,4.0
2019-02-04,48.0,10.0,34.0,12.0,1.0,5.0
2019-02-03,44.0,14.0,26.0,18.0,4.0,4.0
2019-02-02,19.0,13.0,23.0,27.0,4.0,5.0
2019-01-31,76.0,28.0,18.0,44.0,8.0,7.0
2019-01-30,57.0,25.0,22.0,34.0,8.0,6.0
2019-01-29,36.0,17.0,29.0,10.0,1.0,3.0
2019-01-26,24.0,9.0,28.0,13.0,3.0,3.0
2019-01-25,19.0,7.0,28.0,17.0,6.0,4.0
2019-01-24,49.0,7.0,28.0,10.0,1.0,3.0
2019-01-23,34.0,15.0,24.0,23.0,4.0,6.0
2019-01-22,24.0,10.0,27.0,22.0,1.0,4.0
2019-01-21,55.0,7.0,30.0,14.0,1.0,3.0
2019-01-20,30.0,15.0,28.0,20.0,4.0,4.0
2019-01-19,22.0,8.0,30.0,19.0,3.0,3.0
2019-01-17,51.0,14.0,23.0,31.0,7.0,5.0
2019-01-16,64.0,13.0,29.0,18.0,1.0,6.0
2019-01-15,36.0,18.0,21.0,29.0,5.0,6.0
2019-01-14,49.0,9.0,29.0,12.0,2.0,3.0
2019-01-13,57.0,13.0,30.0,12.0,1.0,3.0
2019-01-12,42.0,16.0,20.0,23.0,1.0,4.0
2019-01-11,55.0,13.0,25.0,22.0,2.0,6.0
2019-01-10,29.0,15.0,18.0,29.0,2.0,4.0
2019-01-09,66.0,9.0,26.0,14.0,1.0,3.0
2019-01-08,20.0,19.0,9.0,41.0,5.0,7.0
2019-01-07,21.0,5.0,28.0,12.0,1.0,3.0
2019-01-06,47.0,6.0,30.0,6.0,1.0,3.0
2019-01-05,31.0,11.0,29.0,23.0,3.0,5.0
2019-01-04,15.0,8.0,24.0,16.0,4.0,4.0
2019-01-02,30.0,5.0,30.0,8.0,1.0,3.0
2018-12-30,12.0,3.0,29.0,5.0,1.0,2.0
2018-12-29,14.0,4.0,27.0,8.0,1.0,2.0
2018-12-27,80.0,13.0,19.0,28.0,3.0,4.0
2018-12-26,38.0,25.0,5.0,41.0,3.0,6.0
2018-12-25,24.0,10.0,21.0,23.0,3.0,5.0
2018-12-24,81.0,6.0,28.0,8.0,1.0,3.0
2018-12-23,101.0,26.0,17.0,24.0,1.0,6.0
2018-12-22,60.0,33.0,8.0,39.0,2.0,7.0
2018-12-21,52.0,16.0,18.0,33.0,4.0,5.0
2018-12-20,37.0,14.0,16.0,33.0,3.0,6.0
2018-12-19,30.0,11.0,15.0,30.0,3.0,5.0
2018-12-18,86.0,9.0,23.0,25.0,3.0,6.0
2018-12-17,53.0,27.0,4.0,43.0,3.0,9.0
2018-12-16,27.0,15.0,21.0,23.0,1.0,4.0
2018-12-15,32.0,8.0,28.0,11.0,1.0,3.0
2018-12-14,20.0,8.0,26.0,18.0,1.0,4.0
2018-12-13,26.0,6.0,27.0,16.0,1.0,3.0
2018-12-11,28.0,11.0,14.0,26.0,1.0,4.0
2018-12-10,13.0,7.0,22.0,16.0,1.0,3.0
2018-12-09,20.0,3.0,27.0,6.0,1.0,3.0
2018-12-08,85.0,6.0,20.0,14.0,1.0,3.0
2018-12-07,38.0,31.0,3.0,39.0,3.0,7.0
2018-12-06,26.0,12.0,17.0,18.0,1.0,3.0
2018-12-04,73.0,29.0,21.0,29.0,2.0,6.0
2018-12-03,44.0,27.0,15.0,38.0,5.0,6.0
2018-12-01,47.0,12.0,26.0,20.0,5.0,4.0
2018-11-30,53.0,16.0,24.0,20.0,2.0,5.0
2018-11-29,93.0,20.0,24.0,13.0,1.0,4.0
2018-11-28,72.0,34.0,22.0,38.0,4.0,7.0
2018-11-27,53.0,25.0,16.0,41.0,6.0,7.0
2018-11-26,55.0,16.0,23.0,24.0,2.0,4.0
2018-11-25,20.0,15.0,23.0,21.0,4.0,4.0
2018-11-24,16.0,5.0,24.0,12.0,1.0,3.0
2018-11-23,66.0,5.0,28.0,10.0,1.0,4.0
2018-11-22,64.0,21.0,15.0,28.0,1.0,6.0
2018-11-21,24.0,21.0,9.0,41.0,5.0,6.0
2018-11-20,49.0,7.0,25.0,14.0,1.0,3.0
2018-11-19,29.0,16.0,22.0,20.0,2.0,4.0
2018-11-18,53.0,10.0,28.0,9.0,1.0,3.0
2018-11-17,48.0,17.0,31.0,20.0,1.0,4.0
2018-11-16,21.0,14.0,18.0,28.0,3.0,4.0
2018-11-15,27.0,7.0,25.0,14.0,1.0,3.0
2018-11-14,49.0,9.0,28.0,12.0,1.0,2.0
2018-11-13,76.0,17.0,28.0,14.0,1.0,3.0
2018-11-12,53.0,29.0,16.0,29.0,3.0,5.0
2018-11-11,52.0,18.0,37.0,12.0,4.0,4.0
2018-11-10,62.0,17.0,29.0,18.0,1.0,4.0
2018-11-09,47.0,22.0,18.0,28.0,3.0,5.0
2018-11-08,33.0,16.0,33.0,13.0,1.0,3.0
2018-11-07,48.0,10.0,31.0,12.0,1.0,2.0
2018-11-06,63.0,15.0,10.0,26.0,2.0,5.0
2018-11-05,73.0,20.0,23.0,23.0,3.0,4.0
2018-11-04,43.0,24.0,26.0,18.0,2.0,4.0
2018-11-03,28.0,13.0,32.0,18.0,4.0,4.0
2018-11-02,20.0,9.0,29.0,16.0,2.0,3.0
2018-11-01,24.0,6.0,30.0,13.0,5.0,2.0
2018-10-31,40.0,7.0,28.0,14.0,1.0,3.0
2018-10-30,50.0,12.0,30.0,22.0,3.0,3.0
2018-10-29,38.0,18.0,27.0,26.0,4.0,4.0
2018-10-28,46.0,12.0,30.0,12.0,3.0,3.0
2018-10-27,58.0,18.0,27.0,25.0,3.0,4.0
2018-10-26,55.0,24.0,31.0,17.0,4.0,3.0
2018-10-25,38.0,20.0,38.0,17.0,1.0,4.0
2018-10-24,49.0,12.0,26.0,16.0,1.0,3.0
2018-10-23,42.0,16.0,21.0,19.0,1.0,3.0
2018-10-22,28.0,13.0,33.0,16.0,1.0,3.0
2018-10-21,33.0,8.0,35.0,7.0,1.0,3.0
2018-10-20,35.0,11.0,34.0,11.0,1.0,3.0
2018-10-19,36.0,12.0,21.0,15.0,1.0,2.0
2018-10-18,45.0,11.0,29.0,12.0,1.0,2.0
2018-10-17,51.0,15.0,31.0,13.0,1.0,3.0
2018-10-16,38.0,17.0,30.0,16.0,1.0,3.0
2018-10-15,31.0,13.0,23.0,18.0,2.0,3.0
2018-10-14,28.0,11.0,29.0,8.0,1.0,2.0
2018-10-13,19.0,9.0,25.0,10.0,1.0,2.0
2018-10-09,23.0,13.0,22.0,15.0,2.0,3.0
2018-10-07,50.0,17.0,32.0,9.0,4.0,3.0
2018-10-06,37.0,22.0,19.0,24.0,6.0,4.0
2018-10-05,34.0,15.0,24.0,18.0,1.0,3.0
2018-10-04,49.0,14.0,29.0,13.0,1.0,2.0
2018-10-03,42.0,19.0,31.0,21.0,3.0,4.0
2018-10-02,43.0,14.0,49.0,15.0,3.0,3.0
2018-09-30,40.0,11.0,28.0,9.0,1.0,3.0
2018-09-29,31.0,15.0,21.0,26.0,3.0,4.0
2018-09-28,22.0,12.0,36.0,23.0,2.0,4.0
2018-09-25,34.0,11.0,27.0,14.0,1.0,3.0
2018-09-24,31.0,14.0,35.0,12.0,1.0,3.0
2018-09-23,35.0,13.0,38.0,12.0,2.0,4.0
2018-09-22,10.0,14.0,21.0,37.0,3.0,5.0
2018-09-20,28.0,11.0,26.0,18.0,2.0,3.0
2018-09-19,30.0,11.0,40.0,12.0,2.0,3.0
2018-09-18,53.0,13.0,42.0,15.0,3.0,3.0
2018-09-17,38.0,23.0,59.0,11.0,3.0,4.0
2018-09-16,25.0,15.0,43.0,13.0,5.0,4.0
2018-09-15,42.0,10.0,30.0,20.0,2.0,3.0
2018-09-14,42.0,17.0,22.0,25.0,5.0,4.0
2018-09-13,29.0,17.0,32.0,17.0,3.0,4.0
2018-09-12,17.0,11.0,33.0,10.0,1.0,3.0
2018-09-10,28.0,11.0,8.0,13.0,5.0,3.0
2018-09-09,28.0,14.0,10.0,8.0,3.0,2.0
2018-09-08,38.0,15.0,8.0,8.0,3.0,2.0
2018-09-07,69.0,18.0,31.0,9.0,1.0,3.0
2018-09-06,52.0,30.0,39.0,13.0,8.0,3.0
2018-09-05,42.0,28.0,37.0,9.0,1.0,3.0
2018-09-04,44.0,26.0,6.0,11.0,3.0,2.0
2018-09-03,23.0,17.0,16.0,21.0,4.0,5.0
2018-09-02,41.0,10.0,33.0,7.0,1.0,2.0
2018-09-01,50.0,18.0,26.0,18.0,4.0,3.0
2018-08-31,51.0,23.0,27.0,18.0,5.0,2.0
2018-08-30,52.0,25.0,23.0,17.0,3.0,3.0
2018-08-29,54.0,24.0,32.0,13.0,3.0,3.0
2018-08-28,58.0,27.0,48.0,17.0,5.0,4.0
2018-08-27,58.0,28.0,59.0,20.0,6.0,4.0
2018-08-26,47.0,28.0,57.0,27.0,9.0,4.0
2018-08-25,49.0,26.0,20.0,13.0,5.0,2.0
2018-08-24,43.0,34.0,8.0,7.0,1.0,2.0
2018-08-23,36.0,27.0,8.0,8.0,3.0,3.0
2018-08-22,47.0,24.0,8.0,11.0,4.0,2.0
2018-08-21,30.0,25.0,11.0,18.0,5.0,5.0
2018-08-20,26.0,11.0,32.0,15.0,1.0,3.0
2018-08-19,27.0,10.0,40.0,9.0,3.0,2.0
2018-08-18,13.0,11.0,34.0,9.0,2.0,2.0
2018-08-17,25.0,7.0,27.0,6.0,1.0,1.0
2018-08-16,23.0,15.0,12.0,6.0,1.0,1.0
2018-08-15,29.0,12.0,12.0,6.0,2.0,2.0
2018-08-14,45.0,15.0,15.0,11.0,4.0,2.0
2018-08-13,55.0,24.0,20.0,18.0,5.0,2.0
2018-08-12,55.0,28.0,37.0,16.0,7.0,2.0
2018-08-11,59.0,28.0,31.0,22.0,9.0,3.0
2018-08-10,32.0,28.0,31.0,20.0,6.0,4.0
2018-08-09,9.0,18.0,29.0,12.0,2.0,3.0
2018-08-06,77.0,40.0,42.0,16.0,4.0,3.0
2018-08-05,66.0,43.0,43.0,23.0,6.0,4.0
2018-08-04,80.0,30.0,60.0,15.0,4.0,4.0
2018-08-03,76.0,43.0,85.0,22.0,7.0,5.0
2018-08-02,58.0,41.0,94.0,27.0,9.0,4.0
2018-08-01,39.0,28.0,54.0,29.0,10.0,2.0
2018-07-31,31.0,18.0,29.0,16.0,7.0,3.0
2018-07-30,37.0,19.0,19.0,10.0,2.0,3.0
2018-07-29,26.0,25.0,34.0,9.0,3.0,3.0
2018-07-27,32.0,14.0,26.0,8.0,2.0,2.0
2018-07-26,53.0,13.0,30.0,9.0,1.0,2.0
2018-07-25,72.0,25.0,28.0,11.0,2.0,4.0
2018-07-24,62.0,36.0,69.0,14.0,4.0,4.0
2018-07-23,61.0,26.0,64.0,21.0,9.0,4.0
2018-07-22,41.0,31.0,55.0,21.0,7.0,3.0
2018-07-21,35.0,19.0,20.0,16.0,7.0,3.0
2018-07-20,54.0,20.0,9.0,13.0,4.0,2.0
2018-07-19,78.0,28.0,18.0,22.0,7.0,3.0
2018-07-18,83.0,40.0,43.0,27.0,7.0,3.0
2018-07-17,86.0,43.0,21.0,25.0,10.0,4.0
2018-07-16,76.0,44.0,38.0,23.0,12.0,4.0
2018-07-15,64.0,39.0,49.0,16.0,6.0,4.0
2018-07-14,60.0,27.0,73.0,20.0,5.0,4.0
2018-07-13,52.0,27.0,30.0,26.0,7.0,3.0
2018-07-12,54.0,23.0,28.0,19.0,4.0,3.0
2018-07-11,44.0,26.0,28.0,26.0,6.0,4.0
2018-07-10,36.0,20.0,12.0,17.0,11.0,2.0
2018-07-09,35.0,19.0,12.0,17.0,5.0,3.0
2018-07-08,33.0,17.0,13.0,12.0,4.0,4.0
2018-07-07,25.0,17.0,9.0,13.0,3.0,3.0
2018-07-05,36.0,17.0,12.0,8.0,1.0,2.0
2018-07-04,43.0,19.0,7.0,9.0,2.0,2.0
2018-07-03,48.0,20.0,9.0,14.0,4.0,2.0
2018-07-01,34.0,23.0,10.0,9.0,4.0,3.0
2018-06-30,30.0,18.0,6.0,11.0,4.0,3.0
2018-06-29,43.0,14.0,7.0,9.0,3.0,2.0
2018-06-28,27.0,19.0,10.0,8.0,1.0,2.0
2018-06-27,62.0,12.0,23.0,7.0,1.0,2.0
2018-06-26,66.0,27.0,48.0,19.0,3.0,4.0
2018-06-25,58.0,28.0,46.0,41.0,7.0,6.0
2018-06-24,81.0,23.0,53.0,20.0,6.0,4.0
2018-06-23,71.0,35.0,30.0,31.0,5.0,5.0
2018-06-22,49.0,30.0,52.0,31.0,5.0,5.0
2018-06-19,33.0,15.0,37.0,17.0,3.0,3.0
2018-06-18,26.0,12.0,16.0,22.0,2.0,3.0
2018-06-17,14.0,9.0,30.0,8.0,5.0,3.0
2018-06-15,31.0,9.0,23.0,13.0,1.0,2.0
2018-06-14,39.0,12.0,32.0,11.0,3.0,3.0
2018-06-13,35.0,16.0,33.0,12.0,3.0,3.0
2018-06-12,8.0,15.0,26.0,16.0,2.0,3.0
2018-06-09,41.0,21.0,66.0,18.0,4.0,3.0
2018-06-08,43.0,15.0,37.0,20.0,4.0,3.0
2018-06-07,49.0,15.0,47.0,20.0,6.0,3.0
2018-06-06,37.0,17.0,39.0,26.0,4.0,3.0
2018-06-05,33.0,12.0,50.0,15.0,3.0,3.0
2018-06-04,44.0,11.0,58.0,12.0,1.0,3.0
2018-06-03,40.0,14.0,58.0,11.0,3.0,3.0
2018-06-02,26.0,13.0,62.0,16.0,4.0,3.0
2018-06-01,48.0,9.0,55.0,11.0,2.0,2.0
2018-05-31,55.0,16.0,35.0,21.0,3.0,3.0
2018-05-30,50.0,22.0,38.0,19.0,6.0,3.0
2018-05-29,54.0,19.0,35.0,19.0,4.0,4.0
2018-05-28,61.0,22.0,30.0,23.0,5.0,3.0
2018-05-27,69.0,25.0,69.0,11.0,4.0,4.0
2018-05-26,55.0,31.0,55.0,23.0,7.0,4.0
2018-05-25,34.0,25.0,38.0,28.0,7.0,3.0
2018-05-24,37.0,12.0,44.0,14.0,3.0,3.0
2018-05-23,48.0,12.0,34.0,16.0,3.0,3.0
2018-05-22,43.0,14.0,47.0,22.0,5.0,4.0
2018-05-21,17.0,13.0,40.0,21.0,4.0,3.0
2018-05-20,46.0,5.0,39.0,5.0,2.0,3.0
2018-05-19,95.0,23.0,36.0,11.0,2.0,3.0
2018-05-18,80.0,47.0,42.0,30.0,7.0,5.0
2018-05-17,54.0,34.0,41.0,33.0,10.0,7.0
2018-05-16,52.0,18.0,48.0,22.0,4.0,3.0
2018-05-15,59.0,18.0,40.0,32.0,6.0,5.0
